[
{
  "model": "estabelecimentos.estabelecimento",
  "pk": 2,
  "fields": {
    "nome": "PSF JOVENTINO BATISTA",
    "cnes": 6228526,
    "created_at": "2023-09-16T15:34:09.710Z",
    "updated_at": "2023-09-16T15:34:09.710Z"
  }
},
{
  "model": "estabelecimentos.estabelecimento",
  "pk": 4,
  "fields": {
    "nome": "UNIDADE BASICA DE SAUDE DE CATAJAS",
    "cnes": 2119749,
    "created_at": "2023-09-16T15:34:46.536Z",
    "updated_at": "2023-09-16T15:34:46.536Z"
  }
},
{
  "model": "estabelecimentos.estabelecimento",
  "pk": 5,
  "fields": {
    "nome": "UNIDADE BASICA DE SAUDE DONA CARMITA FREITAS DOS SANTOS",
    "cnes": 7384831,
    "created_at": "2023-09-16T15:35:02.624Z",
    "updated_at": "2023-09-16T15:35:02.624Z"
  }
},
{
  "model": "estabelecimentos.estabelecimento",
  "pk": 6,
  "fields": {
    "nome": "UNIDADE BASICA DE SAUDE ESF SAUDE PARA TODOS",
    "cnes": 2119730,
    "created_at": "2023-09-16T15:35:23.031Z",
    "updated_at": "2023-09-16T15:35:23.031Z"
  }
},
{
  "model": "estabelecimentos.estabelecimento",
  "pk": 7,
  "fields": {
    "nome": "UNIDADE DE SAUDE DONA MARIA ROSA BANDEIRA",
    "cnes": 6763227,
    "created_at": "2023-09-16T15:35:36.446Z",
    "updated_at": "2023-09-16T15:35:36.446Z"
  }
},
{
  "model": "estabelecimentos.estabelecimento",
  "pk": 8,
  "fields": {
    "nome": "UNIDADE MISTA DE SANTO ANTONIO DO JACINTO",
    "cnes": 3890643,
    "created_at": "2023-09-16T15:36:06.339Z",
    "updated_at": "2023-09-16T15:36:06.339Z"
  }
},
{
  "model": "estabelecimentos.microarea",
  "pk": 1,
  "fields": {
    "microarea": 1,
    "estabelecimento": 6,
    "profissional": 1,
    "created_at": "2023-09-16T15:37:53.426Z",
    "updated_at": "2025-07-15T10:17:02.944Z"
  }
},
{
  "model": "estabelecimentos.microarea",
  "pk": 2,
  "fields": {
    "microarea": 2,
    "estabelecimento": 6,
    "profissional": 2,
    "created_at": "2023-09-16T15:37:59.809Z",
    "updated_at": "2025-07-15T10:17:08.775Z"
  }
},
{
  "model": "estabelecimentos.microarea",
  "pk": 3,
  "fields": {
    "microarea": 3,
    "estabelecimento": 6,
    "profissional": 6,
    "created_at": "2023-09-16T15:38:05.955Z",
    "updated_at": "2025-07-15T10:17:17.574Z"
  }
},
{
  "model": "estabelecimentos.microarea",
  "pk": 4,
  "fields": {
    "microarea": 4,
    "estabelecimento": 6,
    "profissional": 3,
    "created_at": "2023-09-16T15:38:17.323Z",
    "updated_at": "2025-07-15T10:17:28.597Z"
  }
},
{
  "model": "estabelecimentos.microarea",
  "pk": 5,
  "fields": {
    "microarea": 5,
    "estabelecimento": 6,
    "profissional": 4,
    "created_at": "2023-09-16T15:38:23.410Z",
    "updated_at": "2025-07-15T10:17:50.148Z"
  }
},
{
  "model": "estabelecimentos.microarea",
  "pk": 6,
  "fields": {
    "microarea": 6,
    "estabelecimento": 6,
    "profissional": 5,
    "created_at": "2023-09-16T15:38:29.088Z",
    "updated_at": "2025-07-15T10:17:57.090Z"
  }
},
{
  "model": "estabelecimentos.microarea",
  "pk": 7,
  "fields": {
    "microarea": 7,
    "estabelecimento": 7,
    "profissional": 30,
    "created_at": "2023-05-21T22:34:06.711Z",
    "updated_at": "2025-07-15T10:18:50.862Z"
  }
},
{
  "model": "estabelecimentos.microarea",
  "pk": 8,
  "fields": {
    "microarea": 8,
    "estabelecimento": 7,
    "profissional": 27,
    "created_at": "2023-05-21T22:34:18.089Z",
    "updated_at": "2025-07-15T10:19:07.008Z"
  }
},
{
  "model": "estabelecimentos.microarea",
  "pk": 9,
  "fields": {
    "microarea": 9,
    "estabelecimento": 7,
    "profissional": 28,
    "created_at": "2023-05-21T22:34:27.108Z",
    "updated_at": "2025-07-15T10:19:20.630Z"
  }
},
{
  "model": "estabelecimentos.microarea",
  "pk": 10,
  "fields": {
    "microarea": 10,
    "estabelecimento": 7,
    "profissional": 26,
    "created_at": "2023-05-21T22:34:36.564Z",
    "updated_at": "2025-07-15T10:19:35.793Z"
  }
},
{
  "model": "estabelecimentos.microarea",
  "pk": 11,
  "fields": {
    "microarea": 11,
    "estabelecimento": 7,
    "profissional": 25,
    "created_at": "2023-05-21T22:34:45.700Z",
    "updated_at": "2025-07-15T10:19:46.353Z"
  }
},
{
  "model": "estabelecimentos.microarea",
  "pk": 12,
  "fields": {
    "microarea": 12,
    "estabelecimento": 7,
    "profissional": 29,
    "created_at": "2023-05-21T22:35:04.275Z",
    "updated_at": "2025-07-15T10:19:55.878Z"
  }
},
{
  "model": "estabelecimentos.microarea",
  "pk": 13,
  "fields": {
    "microarea": 13,
    "estabelecimento": 5,
    "profissional": 10,
    "created_at": "2023-05-21T22:35:24.489Z",
    "updated_at": "2025-07-15T10:20:38.417Z"
  }
},
{
  "model": "estabelecimentos.microarea",
  "pk": 14,
  "fields": {
    "microarea": 14,
    "estabelecimento": 5,
    "profissional": 9,
    "created_at": "2023-05-21T22:35:32.599Z",
    "updated_at": "2025-07-15T10:20:22.151Z"
  }
},
{
  "model": "estabelecimentos.microarea",
  "pk": 15,
  "fields": {
    "microarea": 15,
    "estabelecimento": 5,
    "profissional": 11,
    "created_at": "2023-05-21T22:35:40.466Z",
    "updated_at": "2025-07-15T10:20:52.305Z"
  }
},
{
  "model": "estabelecimentos.microarea",
  "pk": 16,
  "fields": {
    "microarea": 16,
    "estabelecimento": 5,
    "profissional": 8,
    "created_at": "2023-05-21T22:37:50.086Z",
    "updated_at": "2025-07-15T10:21:03.649Z"
  }
},
{
  "model": "estabelecimentos.microarea",
  "pk": 17,
  "fields": {
    "microarea": 17,
    "estabelecimento": 5,
    "profissional": 7,
    "created_at": "2023-05-21T22:38:13.101Z",
    "updated_at": "2025-07-15T10:21:18.870Z"
  }
},
{
  "model": "estabelecimentos.microarea",
  "pk": 18,
  "fields": {
    "microarea": 18,
    "estabelecimento": 5,
    "profissional": 12,
    "created_at": "2023-05-21T22:38:19.229Z",
    "updated_at": "2025-07-15T10:21:47.753Z"
  }
},
{
  "model": "estabelecimentos.microarea",
  "pk": 19,
  "fields": {
    "microarea": 19,
    "estabelecimento": 4,
    "profissional": 16,
    "created_at": "2023-05-21T22:39:02.516Z",
    "updated_at": "2025-07-15T10:22:20.375Z"
  }
},
{
  "model": "estabelecimentos.microarea",
  "pk": 20,
  "fields": {
    "microarea": 20,
    "estabelecimento": 4,
    "profissional": 18,
    "created_at": "2023-05-21T22:39:10.759Z",
    "updated_at": "2025-07-15T10:22:51.201Z"
  }
},
{
  "model": "estabelecimentos.microarea",
  "pk": 21,
  "fields": {
    "microarea": 21,
    "estabelecimento": 4,
    "profissional": 17,
    "created_at": "2023-05-21T22:39:31.429Z",
    "updated_at": "2025-07-15T10:23:21.184Z"
  }
},
{
  "model": "estabelecimentos.microarea",
  "pk": 22,
  "fields": {
    "microarea": 22,
    "estabelecimento": 4,
    "profissional": 15,
    "created_at": "2023-05-21T22:40:32.535Z",
    "updated_at": "2025-07-15T10:23:34.354Z"
  }
},
{
  "model": "estabelecimentos.microarea",
  "pk": 23,
  "fields": {
    "microarea": 23,
    "estabelecimento": 4,
    "profissional": 13,
    "created_at": "2023-05-21T22:40:38.206Z",
    "updated_at": "2025-07-15T10:23:59.423Z"
  }
},
{
  "model": "estabelecimentos.microarea",
  "pk": 24,
  "fields": {
    "microarea": 24,
    "estabelecimento": 4,
    "profissional": 14,
    "created_at": "2023-05-21T22:41:10.456Z",
    "updated_at": "2025-07-15T10:24:17.966Z"
  }
},
{
  "model": "estabelecimentos.microarea",
  "pk": 25,
  "fields": {
    "microarea": 27,
    "estabelecimento": 2,
    "profissional": 21,
    "created_at": "2023-05-21T22:41:23.382Z",
    "updated_at": "2025-07-15T10:25:23.010Z"
  }
},
{
  "model": "estabelecimentos.microarea",
  "pk": 26,
  "fields": {
    "microarea": 28,
    "estabelecimento": 2,
    "profissional": 24,
    "created_at": "2023-05-21T22:41:34.573Z",
    "updated_at": "2025-07-15T10:25:38.347Z"
  }
},
{
  "model": "estabelecimentos.microarea",
  "pk": 27,
  "fields": {
    "microarea": 29,
    "estabelecimento": 2,
    "profissional": 19,
    "created_at": "2023-05-21T22:41:45.447Z",
    "updated_at": "2025-07-15T10:25:50.515Z"
  }
},
{
  "model": "estabelecimentos.microarea",
  "pk": 28,
  "fields": {
    "microarea": 30,
    "estabelecimento": 2,
    "profissional": 3,
    "created_at": "2023-05-21T22:41:50.512Z",
    "updated_at": "2025-07-15T10:26:00.364Z"
  }
},
{
  "model": "estabelecimentos.microarea",
  "pk": 29,
  "fields": {
    "microarea": 25,
    "estabelecimento": 2,
    "profissional": 23,
    "created_at": "2023-05-28T20:32:18.288Z",
    "updated_at": "2025-07-15T10:24:40.956Z"
  }
},
{
  "model": "estabelecimentos.microarea",
  "pk": 30,
  "fields": {
    "microarea": 26,
    "estabelecimento": 2,
    "profissional": 22,
    "created_at": "2023-05-28T20:32:25.414Z",
    "updated_at": "2025-07-15T10:25:01.693Z"
  }
},
{
  "model": "profissionais.profissional",
  "pk": 1,
  "fields": {
    "nome_completo": "Marlene Queiroz Viana",
    "email": null,
    "cpf": "04903646670",
    "status": "1",
    "cns": 705402464977391,
    "cargo": "1",
    "sexo": "F",
    "dt_nascimento": "1981-01-18",
    "telefone": "(00) 00000-0000",
    "estabelecimento": 6,
    "endereco": null,
    "created_at": "2025-07-15T09:39:42.849Z",
    "updated_at": "2025-07-15T09:39:42.849Z"
  }
},
{
  "model": "profissionais.profissional",
  "pk": 2,
  "fields": {
    "nome_completo": "Angelik Pinheiro da Rocha",
    "email": null,
    "cpf": "13855909636",
    "status": "1",
    "cns": 707609296319699,
    "cargo": "1",
    "sexo": "F",
    "dt_nascimento": "1994-12-13",
    "telefone": "(00) 00000-0000",
    "estabelecimento": 6,
    "endereco": null,
    "created_at": "2025-07-15T09:41:03.263Z",
    "updated_at": "2025-07-15T09:41:03.263Z"
  }
},
{
  "model": "profissionais.profissional",
  "pk": 3,
  "fields": {
    "nome_completo": "Patricia Chavier",
    "email": null,
    "cpf": "08680446602",
    "status": "1",
    "cns": 701209010784119,
    "cargo": "1",
    "sexo": "F",
    "dt_nascimento": "1987-04-28",
    "telefone": "(00) 00000-0000",
    "estabelecimento": 6,
    "endereco": null,
    "created_at": "2025-07-15T09:41:57.413Z",
    "updated_at": "2025-07-15T09:44:45.449Z"
  }
},
{
  "model": "profissionais.profissional",
  "pk": 4,
  "fields": {
    "nome_completo": "Janaina Pereira Cassimiro",
    "email": null,
    "cpf": "08986008637",
    "status": "1",
    "cns": 704709798900031,
    "cargo": "1",
    "sexo": "F",
    "dt_nascimento": "1988-06-27",
    "telefone": "(00) 00000-0000",
    "estabelecimento": 6,
    "endereco": null,
    "created_at": "2025-07-15T09:43:02.111Z",
    "updated_at": "2025-07-15T09:43:02.111Z"
  }
},
{
  "model": "profissionais.profissional",
  "pk": 5,
  "fields": {
    "nome_completo": "Cleuciane Santos da Cruz",
    "email": null,
    "cpf": "13499657660",
    "status": "1",
    "cns": 704701758328437,
    "cargo": "1",
    "sexo": "F",
    "dt_nascimento": "1995-11-01",
    "telefone": "(00) 00000-0000",
    "estabelecimento": 6,
    "endereco": null,
    "created_at": "2025-07-15T09:44:23.024Z",
    "updated_at": "2025-07-15T09:44:23.024Z"
  }
},
{
  "model": "profissionais.profissional",
  "pk": 6,
  "fields": {
    "nome_completo": "Ronaldo Luz de Souza",
    "email": null,
    "cpf": "00168585650",
    "status": "1",
    "cns": 704602631945028,
    "cargo": "1",
    "sexo": "M",
    "dt_nascimento": "1977-07-18",
    "telefone": "(00) 00000-0000",
    "estabelecimento": 6,
    "endereco": null,
    "created_at": "2025-07-15T09:45:33.277Z",
    "updated_at": "2025-07-15T09:45:33.277Z"
  }
},
{
  "model": "profissionais.profissional",
  "pk": 7,
  "fields": {
    "nome_completo": "Wane de Freitas Oliveira",
    "email": null,
    "cpf": "18993180628",
    "status": "1",
    "cns": 700408484964540,
    "cargo": "1",
    "sexo": "F",
    "dt_nascimento": "2004-11-26",
    "telefone": "(00) 00000-0000",
    "estabelecimento": 5,
    "endereco": null,
    "created_at": "2025-07-15T09:46:37.719Z",
    "updated_at": "2025-07-15T09:46:37.719Z"
  }
},
{
  "model": "profissionais.profissional",
  "pk": 8,
  "fields": {
    "nome_completo": "Lesly Karem Costa de Sousa",
    "email": null,
    "cpf": "13192925698",
    "status": "1",
    "cns": 708207189018342,
    "cargo": "1",
    "sexo": "F",
    "dt_nascimento": "1997-12-23",
    "telefone": "(00) 00000-0000",
    "estabelecimento": 5,
    "endereco": null,
    "created_at": "2025-07-15T09:47:30.571Z",
    "updated_at": "2025-07-15T09:47:59.225Z"
  }
},
{
  "model": "profissionais.profissional",
  "pk": 9,
  "fields": {
    "nome_completo": "Hosana Cristina Gil Bandeira",
    "email": null,
    "cpf": "05512378643",
    "status": "1",
    "cns": 700009319968408,
    "cargo": "1",
    "sexo": "F",
    "dt_nascimento": "1978-10-02",
    "telefone": "(00) 00000-0000",
    "estabelecimento": 5,
    "endereco": null,
    "created_at": "2025-07-15T09:49:08.640Z",
    "updated_at": "2025-07-15T09:49:08.640Z"
  }
},
{
  "model": "profissionais.profissional",
  "pk": 10,
  "fields": {
    "nome_completo": "Kaliane Viana Macedo Queiroz",
    "email": null,
    "cpf": "12788822600",
    "status": "1",
    "cns": 706200013738161,
    "cargo": "1",
    "sexo": "F",
    "dt_nascimento": "1994-11-14",
    "telefone": "(00) 00000-0000",
    "estabelecimento": 5,
    "endereco": null,
    "created_at": "2025-07-15T09:50:59.156Z",
    "updated_at": "2025-07-15T09:50:59.156Z"
  }
},
{
  "model": "profissionais.profissional",
  "pk": 11,
  "fields": {
    "nome_completo": "Elizane Pinheiro Viana",
    "email": null,
    "cpf": "07663966651",
    "status": "1",
    "cns": 709002860649911,
    "cargo": "1",
    "sexo": "F",
    "dt_nascimento": "1986-01-06",
    "telefone": "(00) 00000-0000",
    "estabelecimento": 5,
    "endereco": null,
    "created_at": "2025-07-15T09:52:06.463Z",
    "updated_at": "2025-07-15T09:52:06.463Z"
  }
},
{
  "model": "profissionais.profissional",
  "pk": 12,
  "fields": {
    "nome_completo": "Luana Pereira Santos Franco",
    "email": null,
    "cpf": "01970583614",
    "status": "1",
    "cns": 706006303956444,
    "cargo": "1",
    "sexo": "F",
    "dt_nascimento": "1996-06-02",
    "telefone": "(00) 00000-0000",
    "estabelecimento": 5,
    "endereco": null,
    "created_at": "2025-07-15T09:54:41.762Z",
    "updated_at": "2025-07-15T09:54:41.762Z"
  }
},
{
  "model": "profissionais.profissional",
  "pk": 13,
  "fields": {
    "nome_completo": "Sandra Vanessa Costa Aguiar",
    "email": null,
    "cpf": "09332192618",
    "status": "1",
    "cns": 704604651293125,
    "cargo": "1",
    "sexo": "F",
    "dt_nascimento": "1988-03-25",
    "telefone": "(00) 00000-0000",
    "estabelecimento": 4,
    "endereco": null,
    "created_at": "2025-07-15T09:55:58.148Z",
    "updated_at": "2025-07-15T09:55:58.148Z"
  }
},
{
  "model": "profissionais.profissional",
  "pk": 14,
  "fields": {
    "nome_completo": "Girlene de Oliveira Coelho",
    "email": null,
    "cpf": "07107190601",
    "status": "1",
    "cns": 702408577427622,
    "cargo": "1",
    "sexo": "F",
    "dt_nascimento": "1983-07-03",
    "telefone": "(00) 00000-0000",
    "estabelecimento": 4,
    "endereco": null,
    "created_at": "2025-07-15T09:56:46.800Z",
    "updated_at": "2025-07-15T09:56:46.800Z"
  }
},
{
  "model": "profissionais.profissional",
  "pk": 15,
  "fields": {
    "nome_completo": "Fatima Costa Aguiar Martins",
    "email": null,
    "cpf": "07633044683",
    "status": "1",
    "cns": 705006207801755,
    "cargo": "1",
    "sexo": "F",
    "dt_nascimento": "1982-03-01",
    "telefone": "(00) 00000-0000",
    "estabelecimento": 4,
    "endereco": null,
    "created_at": "2025-07-15T09:57:38.427Z",
    "updated_at": "2025-07-15T09:57:38.427Z"
  }
},
{
  "model": "profissionais.profissional",
  "pk": 16,
  "fields": {
    "nome_completo": "Paula Cristina Pereira Silva",
    "email": null,
    "cpf": "09621924650",
    "status": "1",
    "cns": 700008092396005,
    "cargo": "1",
    "sexo": "F",
    "dt_nascimento": "1990-02-15",
    "telefone": "(00) 00000-0000",
    "estabelecimento": 4,
    "endereco": null,
    "created_at": "2025-07-15T09:58:59.265Z",
    "updated_at": "2025-07-15T09:58:59.265Z"
  }
},
{
  "model": "profissionais.profissional",
  "pk": 17,
  "fields": {
    "nome_completo": "Jardel Rodrigues Chaves",
    "email": null,
    "cpf": "34738904809",
    "status": "1",
    "cns": 700002986351810,
    "cargo": "1",
    "sexo": "F",
    "dt_nascimento": "1985-05-05",
    "telefone": "(00) 00000-0000",
    "estabelecimento": 4,
    "endereco": null,
    "created_at": "2025-07-15T10:00:21.307Z",
    "updated_at": "2025-07-15T10:00:21.307Z"
  }
},
{
  "model": "profissionais.profissional",
  "pk": 18,
  "fields": {
    "nome_completo": "Sildeny Pereira Jardim",
    "email": null,
    "cpf": "07270340650",
    "status": "1",
    "cns": 700709994916775,
    "cargo": "1",
    "sexo": "F",
    "dt_nascimento": "1980-04-07",
    "telefone": "(00) 00000-0000",
    "estabelecimento": 4,
    "endereco": null,
    "created_at": "2025-07-15T10:01:28.849Z",
    "updated_at": "2025-07-15T10:01:28.849Z"
  }
},
{
  "model": "profissionais.profissional",
  "pk": 19,
  "fields": {
    "nome_completo": "Carolina Souza da Silva",
    "email": null,
    "cpf": "11215791674",
    "status": "1",
    "cns": 700000034191407,
    "cargo": "1",
    "sexo": "F",
    "dt_nascimento": "2001-07-28",
    "telefone": "(00) 00000-0000",
    "estabelecimento": 2,
    "endereco": null,
    "created_at": "2025-07-15T10:02:34.315Z",
    "updated_at": "2025-07-15T10:02:34.315Z"
  }
},
{
  "model": "profissionais.profissional",
  "pk": 20,
  "fields": {
    "nome_completo": "Cassio de Oliveira Santana",
    "email": null,
    "cpf": "11992033609",
    "status": "1",
    "cns": 708408776819961,
    "cargo": "1",
    "sexo": "M",
    "dt_nascimento": "1993-11-09",
    "telefone": "(00) 00000-0000",
    "estabelecimento": 2,
    "endereco": null,
    "created_at": "2025-07-15T10:03:26.532Z",
    "updated_at": "2025-07-15T10:03:26.532Z"
  }
},
{
  "model": "profissionais.profissional",
  "pk": 21,
  "fields": {
    "nome_completo": "Gabriela Rodrigues Damascena",
    "email": null,
    "cpf": "41315518880",
    "status": "1",
    "cns": 700003444921106,
    "cargo": "1",
    "sexo": "F",
    "dt_nascimento": "1991-08-23",
    "telefone": "(00) 00000-0000",
    "estabelecimento": 2,
    "endereco": null,
    "created_at": "2025-07-15T10:04:46.866Z",
    "updated_at": "2025-07-15T10:04:46.866Z"
  }
},
{
  "model": "profissionais.profissional",
  "pk": 22,
  "fields": {
    "nome_completo": "Eliana Moreira dos Santos Rocha",
    "email": null,
    "cpf": "06874868667",
    "status": "1",
    "cns": 703408730918400,
    "cargo": "1",
    "sexo": "F",
    "dt_nascimento": "1979-07-25",
    "telefone": "(00) 00000-0000",
    "estabelecimento": 2,
    "endereco": null,
    "created_at": "2025-07-15T10:06:46.106Z",
    "updated_at": "2025-07-15T10:06:46.106Z"
  }
},
{
  "model": "profissionais.profissional",
  "pk": 23,
  "fields": {
    "nome_completo": "Valdek Ribeiro da Silva",
    "email": null,
    "cpf": "08804978660",
    "status": "1",
    "cns": 700508982888853,
    "cargo": "1",
    "sexo": "M",
    "dt_nascimento": "1980-02-15",
    "telefone": "(00) 00000-0000",
    "estabelecimento": 2,
    "endereco": null,
    "created_at": "2025-07-15T10:07:25.312Z",
    "updated_at": "2025-07-15T10:07:25.312Z"
  }
},
{
  "model": "profissionais.profissional",
  "pk": 24,
  "fields": {
    "nome_completo": "Valdielia Duart Ferreira Costa",
    "email": null,
    "cpf": "08994314610",
    "status": "1",
    "cns": 709609623511070,
    "cargo": "1",
    "sexo": "F",
    "dt_nascimento": "1990-01-01",
    "telefone": "(00) 00000-0000",
    "estabelecimento": 2,
    "endereco": null,
    "created_at": "2025-07-15T10:08:55.534Z",
    "updated_at": "2025-07-15T10:08:55.534Z"
  }
},
{
  "model": "profissionais.profissional",
  "pk": 25,
  "fields": {
    "nome_completo": "Andressa Luz Silva",
    "email": null,
    "cpf": "12581000619",
    "status": "1",
    "cns": 708209145621045,
    "cargo": "1",
    "sexo": "F",
    "dt_nascimento": "1994-08-05",
    "telefone": "(00) 00000-0000",
    "estabelecimento": 7,
    "endereco": null,
    "created_at": "2025-07-15T10:10:19.118Z",
    "updated_at": "2025-07-15T10:10:19.118Z"
  }
},
{
  "model": "profissionais.profissional",
  "pk": 26,
  "fields": {
    "nome_completo": "Shirley Ferreira da Silva",
    "email": null,
    "cpf": "08911178659",
    "status": "1",
    "cns": 700007502345501,
    "cargo": "1",
    "sexo": "F",
    "dt_nascimento": "1986-08-04",
    "telefone": "(00) 00000-0000",
    "estabelecimento": 7,
    "endereco": null,
    "created_at": "2025-07-15T10:11:22.689Z",
    "updated_at": "2025-07-15T10:11:40.590Z"
  }
},
{
  "model": "profissionais.profissional",
  "pk": 27,
  "fields": {
    "nome_completo": "Leiliane Souza Luz",
    "email": null,
    "cpf": "12175162710",
    "status": "1",
    "cns": 704107126486673,
    "cargo": "1",
    "sexo": "F",
    "dt_nascimento": "1987-01-01",
    "telefone": "(00) 00000-0000",
    "estabelecimento": 7,
    "endereco": null,
    "created_at": "2025-07-15T10:12:43.869Z",
    "updated_at": "2025-07-15T10:12:43.869Z"
  }
},
{
  "model": "profissionais.profissional",
  "pk": 28,
  "fields": {
    "nome_completo": "Taline Aguilar Silva",
    "email": null,
    "cpf": "14662856647",
    "status": "1",
    "cns": 702507339511632,
    "cargo": "1",
    "sexo": "F",
    "dt_nascimento": "1999-10-26",
    "telefone": "(00) 00000-0000",
    "estabelecimento": 7,
    "endereco": null,
    "created_at": "2025-07-15T10:13:35.461Z",
    "updated_at": "2025-07-15T10:13:35.461Z"
  }
},
{
  "model": "profissionais.profissional",
  "pk": 29,
  "fields": {
    "nome_completo": "Sirleide Maria da Silva",
    "email": null,
    "cpf": "04217539606",
    "status": "1",
    "cns": 705009686708052,
    "cargo": "1",
    "sexo": "F",
    "dt_nascimento": "1972-10-25",
    "telefone": "(00) 00000-0000",
    "estabelecimento": 7,
    "endereco": null,
    "created_at": "2025-07-15T10:14:35.963Z",
    "updated_at": "2025-07-15T10:14:35.963Z"
  }
},
{
  "model": "profissionais.profissional",
  "pk": 30,
  "fields": {
    "nome_completo": "Fabiana Souza Silva",
    "email": null,
    "cpf": "12414471603",
    "status": "1",
    "cns": 700600426050265,
    "cargo": "1",
    "sexo": "F",
    "dt_nascimento": "1993-09-27",
    "telefone": "(00) 00000-0000",
    "estabelecimento": 7,
    "endereco": null,
    "created_at": "2025-07-15T10:16:30.997Z",
    "updated_at": "2025-07-15T10:16:30.997Z"
  }
}
]
