[
{
  "model": "admin.logentry",
  "pk": 1,
  "fields": {
    "action_time": "2023-09-30T21:08:50.909Z",
    "user": 1,
    "content_type": 18,
    "object_id": "3",
    "object_repr": "0803010125",
    "action_flag": 3,
    "change_message": ""
  }
},
{
  "model": "admin.logentry",
  "pk": 2,
  "fields": {
    "action_time": "2023-09-30T21:08:50.918Z",
    "user": 1,
    "content_type": 18,
    "object_id": "2",
    "object_repr": "0803010125",
    "action_flag": 3,
    "change_message": ""
  }
},
{
  "model": "admin.logentry",
  "pk": 3,
  "fields": {
    "action_time": "2023-09-30T21:08:50.928Z",
    "user": 1,
    "content_type": 18,
    "object_id": "1",
    "object_repr": "0803010125",
    "action_flag": 3,
    "change_message": ""
  }
},
{
  "model": "admin.logentry",
  "pk": 4,
  "fields": {
    "action_time": "2023-10-01T16:52:55.190Z",
    "user": 1,
    "content_type": 18,
    "object_id": "15",
    "object_repr": "2321844628",
    "action_flag": 3,
    "change_message": ""
  }
},
{
  "model": "admin.logentry",
  "pk": 5,
  "fields": {
    "action_time": "2023-10-01T16:52:55.201Z",
    "user": 1,
    "content_type": 18,
    "object_id": "14",
    "object_repr": "2313131455",
    "action_flag": 3,
    "change_message": ""
  }
},
{
  "model": "admin.logentry",
  "pk": 6,
  "fields": {
    "action_time": "2023-10-01T16:52:55.209Z",
    "user": 1,
    "content_type": 18,
    "object_id": "13",
    "object_repr": "4324242422",
    "action_flag": 3,
    "change_message": ""
  }
},
{
  "model": "admin.logentry",
  "pk": 7,
  "fields": {
    "action_time": "2023-10-01T16:52:55.219Z",
    "user": 1,
    "content_type": 18,
    "object_id": "12",
    "object_repr": "2321313113",
    "action_flag": 3,
    "change_message": ""
  }
},
{
  "model": "admin.logentry",
  "pk": 8,
  "fields": {
    "action_time": "2023-10-01T16:52:55.227Z",
    "user": 1,
    "content_type": 18,
    "object_id": "11",
    "object_repr": "7689644466",
    "action_flag": 3,
    "change_message": ""
  }
},
{
  "model": "admin.logentry",
  "pk": 9,
  "fields": {
    "action_time": "2023-10-01T16:52:55.235Z",
    "user": 1,
    "content_type": 18,
    "object_id": "10",
    "object_repr": "1212121212",
    "action_flag": 3,
    "change_message": ""
  }
},
{
  "model": "admin.logentry",
  "pk": 10,
  "fields": {
    "action_time": "2023-10-01T16:52:55.244Z",
    "user": 1,
    "content_type": 18,
    "object_id": "9",
    "object_repr": "3433333333",
    "action_flag": 3,
    "change_message": ""
  }
},
{
  "model": "admin.logentry",
  "pk": 11,
  "fields": {
    "action_time": "2023-10-01T16:52:55.254Z",
    "user": 1,
    "content_type": 18,
    "object_id": "8",
    "object_repr": "0101010079",
    "action_flag": 3,
    "change_message": ""
  }
},
{
  "model": "admin.logentry",
  "pk": 12,
  "fields": {
    "action_time": "2023-10-01T16:52:55.264Z",
    "user": 1,
    "content_type": 18,
    "object_id": "7",
    "object_repr": "0201010542",
    "action_flag": 3,
    "change_message": ""
  }
},
{
  "model": "admin.logentry",
  "pk": 13,
  "fields": {
    "action_time": "2023-10-13T15:52:54.759Z",
    "user": 1,
    "content_type": 18,
    "object_id": "17",
    "object_repr": "7887543367",
    "action_flag": 2,
    "change_message": "[]"
  }
},
{
  "model": "admin.logentry",
  "pk": 14,
  "fields": {
    "action_time": "2023-10-21T20:11:09.866Z",
    "user": 1,
    "content_type": 14,
    "object_id": "3",
    "object_repr": "RUA DA SILVA, Nº:232, Bairro:CENTREO",
    "action_flag": 3,
    "change_message": ""
  }
},
{
  "model": "admin.logentry",
  "pk": 15,
  "fields": {
    "action_time": "2023-10-21T20:11:09.877Z",
    "user": 1,
    "content_type": 14,
    "object_id": "2",
    "object_repr": "FAZENDA SERRA ALTA, Nº:S/N, Bairro:COM ALTAMIRA",
    "action_flag": 3,
    "change_message": ""
  }
},
{
  "model": "admin.logentry",
  "pk": 16,
  "fields": {
    "action_time": "2023-10-21T20:11:09.885Z",
    "user": 1,
    "content_type": 14,
    "object_id": "1",
    "object_repr": "FAZENDA BARRA DO TIMOTEO, Nº:S/N, Bairro:ZONA RURAL",
    "action_flag": 3,
    "change_message": ""
  }
},
{
  "model": "admin.logentry",
  "pk": 17,
  "fields": {
    "action_time": "2023-10-22T23:27:12.579Z",
    "user": 1,
    "content_type": 21,
    "object_id": "6",
    "object_repr": "AtendimentoEspecialidade object (6)",
    "action_flag": 3,
    "change_message": ""
  }
},
{
  "model": "admin.logentry",
  "pk": 18,
  "fields": {
    "action_time": "2023-10-22T23:27:12.618Z",
    "user": 1,
    "content_type": 21,
    "object_id": "5",
    "object_repr": "AtendimentoEspecialidade object (5)",
    "action_flag": 3,
    "change_message": ""
  }
},
{
  "model": "admin.logentry",
  "pk": 19,
  "fields": {
    "action_time": "2023-10-22T23:27:12.626Z",
    "user": 1,
    "content_type": 21,
    "object_id": "4",
    "object_repr": "AtendimentoEspecialidade object (4)",
    "action_flag": 3,
    "change_message": ""
  }
},
{
  "model": "admin.logentry",
  "pk": 20,
  "fields": {
    "action_time": "2023-10-22T23:27:12.634Z",
    "user": 1,
    "content_type": 21,
    "object_id": "3",
    "object_repr": "AtendimentoEspecialidade object (3)",
    "action_flag": 3,
    "change_message": ""
  }
},
{
  "model": "admin.logentry",
  "pk": 21,
  "fields": {
    "action_time": "2023-10-22T23:27:12.642Z",
    "user": 1,
    "content_type": 21,
    "object_id": "2",
    "object_repr": "AtendimentoEspecialidade object (2)",
    "action_flag": 3,
    "change_message": ""
  }
},
{
  "model": "admin.logentry",
  "pk": 22,
  "fields": {
    "action_time": "2023-10-22T23:27:12.650Z",
    "user": 1,
    "content_type": 21,
    "object_id": "1",
    "object_repr": "AtendimentoEspecialidade object (1)",
    "action_flag": 3,
    "change_message": ""
  }
},
{
  "model": "sessions.session",
  "pk": "oqvfn7pwocb1ug7pz97qd6tv62gcl7io",
  "fields": {
    "session_data": ".eJxVjEEOwiAQRe_C2hBgqAWX7nsGMsyAVA0kpV0Z765NutDtf-_9lwi4rSVsPS1hZnERWpx-t4j0SHUHfMd6a5JaXZc5yl2RB-1yapye18P9OyjYy7cGzUiZHLAHSjwaPwCzd2wc2IykAJ0niCYP1lmrzloZldGDiUbZEcT7A_IGN2k:1qi1Rf:92lE1606SjrIGNirmO9YY0rorfzGbpGG_be7-R842h0",
    "expire_date": "2023-10-01T23:44:55.175Z"
  }
},
{
  "model": "sessions.session",
  "pk": "qf0s4ho32xu2ovypinil1x367q9tb8en",
  "fields": {
    "session_data": ".eJxVjEEOwiAQRe_C2hBgqAWX7nsGMsyAVA0kpV0Z765NutDtf-_9lwi4rSVsPS1hZnERWpx-t4j0SHUHfMd6a5JaXZc5yl2RB-1yapye18P9OyjYy7cGzUiZHLAHSjwaPwCzd2wc2IykAJ0niCYP1lmrzloZldGDiUbZEcT7A_IGN2k:1qmzfG:R0EoodDFi54Rxpd9A5tAWk1kzaUTmRWRxOoBtnO_f9Q",
    "expire_date": "2023-10-15T16:51:30.515Z"
  }
},
{
  "model": "sessions.session",
  "pk": "wv9qnscadosderpd4qop2c8mdnqqeopc",
  "fields": {
    "session_data": ".eJxVjEEOwiAQRe_C2hBgqAWX7nsGMsyAVA0kpV0Z765NutDtf-_9lwi4rSVsPS1hZnERWpx-t4j0SHUHfMd6a5JaXZc5yl2RB-1yapye18P9OyjYy7cGzUiZHLAHSjwaPwCzd2wc2IykAJ0niCYP1lmrzloZldGDiUbZEcT7A_IGN2k:1qmdt9:-NSx-vrfHhjoZ4V87QKpIzyaoqjeXAkz9F7rbvJ80gE",
    "expire_date": "2023-10-14T17:36:23.294Z"
  }
},
{
  "model": "sessions.session",
  "pk": "xt336vz9b567c7xwtl8fb6uooac9xsma",
  "fields": {
    "session_data": ".eJxVjEEOwiAQRe_C2hBgqAWX7nsGMsyAVA0kpV0Z765NutDtf-_9lwi4rSVsPS1hZnERWpx-t4j0SHUHfMd6a5JaXZc5yl2RB-1yapye18P9OyjYy7cGzUiZHLAHSjwaPwCzd2wc2IykAJ0niCYP1lmrzloZldGDiUbZEcT7A_IGN2k:1quh7L:P3571nnoye_x41SGMjvwkxCdVkITkwhfom9413RXtdE",
    "expire_date": "2023-11-05T22:40:19.785Z"
  }
},
{
  "model": "cidadao.cidadao",
  "pk": 1,
  "fields": {
    "nome_completo": "JOAO VICTOR DA SILVA",
    "email": null,
    "rg": "3243212",
    "cpf": "46319328053",
    "cns": 981285722170005,
    "sexo": "M",
    "dt_nascimento": "1980-02-12",
    "nome_mae": "CELIA COSTA DOS SANTOS",
    "nome_pai": "ADAO JOSE SILVA",
    "telefone": "(33) 98823-2312",
    "telefone1": "(33) 99988-2321",
    "endereco": 1,
    "microarea": 13,
    "created_at": "2023-09-23T20:05:55.722Z",
    "updated_at": "2023-09-23T20:05:55.722Z"
  }
},
{
  "model": "cidadao.cidadao",
  "pk": 2,
  "fields": {
    "nome_completo": "Elias Antonio Iago da Conceição",
    "email": null,
    "rg": "43.263.242",
    "cpf": "94405476420",
    "cns": 116618453280018,
    "sexo": "M",
    "dt_nascimento": "1992-03-13",
    "nome_mae": "Jennifer Larissa Evelyn",
    "nome_pai": "Vinicius Rodrigo Benício da Conceição",
    "telefone": null,
    "telefone1": "(33) 98854-5263",
    "endereco": 2,
    "microarea": 2,
    "created_at": "2023-05-21T22:48:38.116Z",
    "updated_at": "2023-05-21T22:48:38.116Z"
  }
},
{
  "model": "cidadao.cidadao",
  "pk": 3,
  "fields": {
    "nome_completo": "Clara Letícia Milena Rezende",
    "email": "clara-rezende90@sent.com",
    "rg": "38.579.209",
    "cpf": "72718711442",
    "cns": 240725780800001,
    "sexo": "F",
    "dt_nascimento": "1994-12-01",
    "nome_mae": "Maria Rayssa Maitê",
    "nome_pai": "Lucas Erick Erick Rezende",
    "telefone": null,
    "telefone1": "(99) 99999-9999",
    "endereco": 3,
    "microarea": 3,
    "created_at": "2023-05-21T22:49:58.878Z",
    "updated_at": "2023-05-21T22:49:58.878Z"
  }
},
{
  "model": "cidadao.cidadao",
  "pk": 4,
  "fields": {
    "nome_completo": "Caio Luan Carlos Eduardo Farias",
    "email": null,
    "rg": "32.728.180",
    "cpf": "81746683490",
    "cns": 206753191270006,
    "sexo": "F",
    "dt_nascimento": "2023-05-15",
    "nome_mae": "Maria Elizangela Costa",
    "nome_pai": null,
    "telefone": "",
    "telefone1": "(33) 8824-5785",
    "endereco": 4,
    "microarea": 8,
    "created_at": "2023-05-21T22:52:48.699Z",
    "updated_at": "2023-10-21T22:28:13.788Z"
  }
},
{
  "model": "cidadao.cidadao",
  "pk": 5,
  "fields": {
    "nome_completo": "LEONARDO JOSE DA SILVA",
    "email": "saja@gmail.com",
    "rg": "2323232323",
    "cpf": "42583766040",
    "cns": 147750670870001,
    "sexo": "M",
    "dt_nascimento": "2000-10-12",
    "nome_mae": "Maria de Oliveria",
    "nome_pai": null,
    "telefone": "",
    "telefone1": "(32) 98832-5621",
    "endereco": 5,
    "microarea": 12,
    "created_at": "2023-10-21T18:55:34.467Z",
    "updated_at": "2023-10-21T18:55:34.467Z"
  }
},
{
  "model": "cidadao.endereco",
  "pk": 1,
  "fields": {
    "logradouro": "RUA DE 13 DE JANEIRO",
    "numero": "100",
    "bairro": "CENTRO",
    "complemento": "CASA",
    "cep": "39935-000",
    "cidade": "Santo Antônio do Jacinto",
    "estado": "MG",
    "localizacao": null,
    "created_at": "2023-05-21T22:46:29.050Z",
    "updated_at": "2023-05-21T22:46:29.050Z"
  }
},
{
  "model": "cidadao.endereco",
  "pk": 2,
  "fields": {
    "logradouro": "Rua do Comércio 123",
    "numero": "200",
    "bairro": "CENTRO",
    "complemento": "CASA",
    "cep": "39935-000",
    "cidade": "Santo Antônio do Jacinto",
    "estado": "MG",
    "localizacao": null,
    "created_at": "2023-05-21T22:48:38.101Z",
    "updated_at": "2023-05-21T22:48:38.101Z"
  }
},
{
  "model": "cidadao.endereco",
  "pk": 3,
  "fields": {
    "logradouro": "Rua do Comércio 123",
    "numero": "500",
    "bairro": "CENTRO",
    "complemento": "CASA",
    "cep": "39935-000",
    "cidade": "Santo Antônio do Jacinto",
    "estado": "MG",
    "localizacao": null,
    "created_at": "2023-05-21T22:49:58.869Z",
    "updated_at": "2023-05-21T22:49:58.869Z"
  }
},
{
  "model": "cidadao.endereco",
  "pk": 4,
  "fields": {
    "logradouro": "Rua da Cancela",
    "numero": "200",
    "bairro": "Centro",
    "complemento": "CASA",
    "cep": "39935-000",
    "cidade": "Santo Antônio do Jacinto",
    "estado": "MG",
    "localizacao": "1",
    "created_at": "2023-05-21T22:52:48.678Z",
    "updated_at": "2023-10-21T22:28:13.777Z"
  }
},
{
  "model": "cidadao.endereco",
  "pk": 5,
  "fields": {
    "logradouro": "Faz, boa vista",
    "numero": "s/n",
    "bairro": "ZONA RURAL",
    "complemento": "CASA",
    "cep": "39935-000",
    "cidade": "Santo Antônio do Jacinto",
    "estado": "MG",
    "localizacao": "1",
    "created_at": "2023-10-21T18:55:34.457Z",
    "updated_at": "2023-10-21T18:55:34.457Z"
  }
},
{
  "model": "usuarios.usuario",
  "pk": 1,
  "fields": {
    "password": "pbkdf2_sha256$600000$q4ItNlaQxu913Uobd9pjla$O7gFyqyI1zowkT5CAgjf+YZJWlXz4BHMsh2ACFxlYNQ=",
    "last_login": "2023-10-22T22:40:19.772Z",
    "is_superuser": true,
    "first_name": "",
    "last_name": "",
    "is_staff": true,
    "is_active": true,
    "date_joined": "2023-09-17T23:44:25.451Z",
    "nome_completo": "admin",
    "email": null,
    "cpf": "35707638890",
    "dt_nascimento": "2000-12-12",
    "tipo_usuario": "2",
    "created_at": "2023-09-17T23:44:25.965Z",
    "updated_at": "2023-09-17T23:44:25.965Z",
    "groups": [],
    "user_permissions": []
  }
},
{
  "model": "usuarios.usuario",
  "pk": 2,
  "fields": {
    "password": "pbkdf2_sha256$600000$dIQqyTvn236bpzGj8IhuUh$WtcGQySw23RLNwZpSy4LWHiC1bYVqAp0yRefvnVq3ek=",
    "last_login": "2023-10-22T14:16:38.214Z",
    "is_superuser": false,
    "first_name": "",
    "last_name": "",
    "is_staff": false,
    "is_active": true,
    "date_joined": "2023-10-22T14:16:18.978Z",
    "nome_completo": "JOSE DA SILVA",
    "email": "josesilva@gmail.com",
    "cpf": "52360343025",
    "dt_nascimento": "2023-10-12",
    "tipo_usuario": "5",
    "created_at": "2023-10-22T14:16:19.784Z",
    "updated_at": "2023-10-22T14:16:19.784Z",
    "groups": [],
    "user_permissions": []
  }
},
{
  "model": "despesas.diaria",
  "pk": 1,
  "fields": {
    "profissional": 1,
    "descricao": "adad",
    "data_diaria": "2022-10-12",
    "reembolso": "1",
    "viagem_orig": "SANTO ANTÔNIO DO JACINTO-MG",
    "viagem_dest": "almenara",
    "conta": 13245,
    "fonte": 142,
    "obs": "",
    "tipo_diaria": "1",
    "qta_diaria": 3,
    "valor": "10,00",
    "total": "30.00",
    "created_at": "2023-05-21T23:10:08.372Z",
    "updated_at": "2023-05-21T23:10:08.372Z"
  }
},
{
  "model": "despesas.diaria",
  "pk": 2,
  "fields": {
    "profissional": 2,
    "descricao": "mkj",
    "data_diaria": "2023-05-15",
    "reembolso": "1",
    "viagem_orig": "SANTO ANTÔNIO DO JACINTO-MG",
    "viagem_dest": "xfdsgd",
    "conta": 132785,
    "fonte": 122,
    "obs": "",
    "tipo_diaria": "1",
    "qta_diaria": 3,
    "valor": "100,00",
    "total": "300.00",
    "created_at": "2023-05-28T11:15:45.596Z",
    "updated_at": "2023-05-28T11:15:45.596Z"
  }
},
{
  "model": "despesas.diaria",
  "pk": 4,
  "fields": {
    "profissional": 1,
    "descricao": "adad",
    "data_diaria": "2022-12-13",
    "reembolso": "1",
    "viagem_orig": "SANTO ANTÔNIO DO JACINTO-MG",
    "viagem_dest": "adda",
    "conta": 257,
    "fonte": 114,
    "obs": "",
    "tipo_diaria": "1",
    "qta_diaria": 1,
    "valor": "150,00",
    "total": "150.00",
    "created_at": "2023-05-28T11:39:39.170Z",
    "updated_at": "2023-10-21T21:43:16.598Z"
  }
},
{
  "model": "despesas.diaria",
  "pk": 5,
  "fields": {
    "profissional": 3,
    "descricao": "Viagem para almenara",
    "data_diaria": "2023-12-12",
    "reembolso": "1",
    "viagem_orig": "SANTO ANTÔNIO DO JACINTO-MG",
    "viagem_dest": "ALMENARA",
    "conta": 13278,
    "fonte": 123,
    "obs": "",
    "tipo_diaria": "1",
    "qta_diaria": 1,
    "valor": "90,00",
    "total": "90.00",
    "created_at": "2023-10-21T21:06:00.268Z",
    "updated_at": "2023-10-21T21:18:22.590Z"
  }
},
{
  "model": "despesas.diaria",
  "pk": 6,
  "fields": {
    "profissional": 5,
    "descricao": "ADIAIDAIDAOID",
    "data_diaria": "2023-10-12",
    "reembolso": "1",
    "viagem_orig": "SANTO ANTÔNIO DO JACINTO-MG",
    "viagem_dest": "belo horizonte",
    "conta": 132281,
    "fonte": 111,
    "obs": "",
    "tipo_diaria": "1",
    "qta_diaria": 1,
    "valor": "80,00",
    "total": "80.00",
    "created_at": "2023-10-21T21:49:27.255Z",
    "updated_at": "2023-10-21T21:49:27.255Z"
  }
},
{
  "model": "despesas.reembolso",
  "pk": 1,
  "fields": {
    "descricao": "2",
    "diaria": 1,
    "movimentacao": null,
    "valor_mov": null,
    "valor_desp": "200.00",
    "created_at": "2023-05-27T17:00:36.729Z",
    "updated_at": "2023-05-27T17:00:36.729Z"
  }
},
{
  "model": "despesas.reembolso",
  "pk": 2,
  "fields": {
    "descricao": "8",
    "diaria": 1,
    "movimentacao": null,
    "valor_mov": null,
    "valor_desp": "300.00",
    "created_at": "2023-05-27T17:00:36.740Z",
    "updated_at": "2023-05-27T17:00:36.740Z"
  }
},
{
  "model": "despesas.reembolso",
  "pk": 3,
  "fields": {
    "descricao": "1",
    "diaria": 1,
    "movimentacao": null,
    "valor_mov": null,
    "valor_desp": "100.00",
    "created_at": "2023-05-27T17:00:36.758Z",
    "updated_at": "2023-05-27T17:00:36.759Z"
  }
},
{
  "model": "despesas.reembolso",
  "pk": 4,
  "fields": {
    "descricao": "2",
    "diaria": 2,
    "movimentacao": null,
    "valor_mov": null,
    "valor_desp": "100.00",
    "created_at": "2023-05-28T13:23:30.480Z",
    "updated_at": "2023-05-28T13:23:30.481Z"
  }
},
{
  "model": "despesas.reembolso",
  "pk": 5,
  "fields": {
    "descricao": "3",
    "diaria": 2,
    "movimentacao": null,
    "valor_mov": null,
    "valor_desp": "300.00",
    "created_at": "2023-05-28T13:23:30.530Z",
    "updated_at": "2023-05-28T13:23:30.530Z"
  }
},
{
  "model": "despesas.reembolso",
  "pk": 6,
  "fields": {
    "descricao": "8",
    "diaria": 2,
    "movimentacao": "1",
    "valor_mov": "44.00",
    "valor_desp": "400.00",
    "created_at": "2023-05-28T13:23:30.545Z",
    "updated_at": "2023-10-19T23:58:04.478Z"
  }
},
{
  "model": "despesas.reembolso",
  "pk": 7,
  "fields": {
    "descricao": "5",
    "diaria": 5,
    "movimentacao": null,
    "valor_mov": null,
    "valor_desp": "300.00",
    "created_at": "2023-10-21T21:09:34.013Z",
    "updated_at": "2023-10-21T21:41:27.194Z"
  }
},
{
  "model": "transportes.viagem",
  "pk": 1,
  "fields": {
    "data_viagem": "2023-10-12",
    "destino_viagem": "Almenara",
    "horario_saida": "13:00:00",
    "motorista": 2,
    "status": "1",
    "carro": 2,
    "created_at": "2023-09-24T19:32:56.058Z",
    "updated_at": "2023-10-15T15:21:43.575Z"
  }
},
{
  "model": "transportes.viagem",
  "pk": 3,
  "fields": {
    "data_viagem": "2023-10-12",
    "destino_viagem": "ALMENARA",
    "horario_saida": "10:00:00",
    "motorista": 3,
    "status": "1",
    "carro": 2,
    "created_at": "2023-10-15T15:17:51.048Z",
    "updated_at": "2023-10-15T15:20:15.588Z"
  }
},
{
  "model": "transportes.viagem",
  "pk": 4,
  "fields": {
    "data_viagem": "2023-12-12",
    "destino_viagem": "BELO HORIZONTE",
    "horario_saida": "13:00:00",
    "motorista": 2,
    "status": "1",
    "carro": 2,
    "created_at": "2023-10-22T23:32:38.616Z",
    "updated_at": "2023-10-22T23:32:38.616Z"
  }
},
{
  "model": "transportes.passageiroviagem",
  "pk": 1,
  "fields": {
    "paciente": "joao silva",
    "acompanhante": null,
    "local_exame": "BJBN",
    "local_espera": "GK",
    "viagem": 1,
    "telefone": "77878787",
    "created_at": "2023-09-24T19:32:56.066Z",
    "updated_at": "2023-10-14T16:13:43.348Z"
  }
},
{
  "model": "transportes.passageiroviagem",
  "pk": 2,
  "fields": {
    "paciente": "andressa",
    "acompanhante": null,
    "local_exame": "HJHKH",
    "local_espera": "KJ",
    "viagem": 1,
    "telefone": "87666",
    "created_at": "2023-09-24T19:32:56.073Z",
    "updated_at": "2023-10-14T16:13:43.356Z"
  }
},
{
  "model": "transportes.passageiroviagem",
  "pk": 5,
  "fields": {
    "paciente": "JOAO SILVA",
    "acompanhante": null,
    "local_exame": "CLICA BEM VIVE",
    "local_espera": "PRACA CENTRAL",
    "viagem": 3,
    "telefone": "393439493943",
    "created_at": "2023-10-15T15:17:51.057Z",
    "updated_at": "2023-10-15T15:17:51.057Z"
  }
},
{
  "model": "transportes.passageiroviagem",
  "pk": 6,
  "fields": {
    "paciente": "SILVA",
    "acompanhante": "RAIMUNDO SILVA",
    "local_exame": "CLICA BEM VIDE",
    "local_espera": "PRACA CENTRO",
    "viagem": 3,
    "telefone": "232323",
    "created_at": "2023-10-15T15:17:51.068Z",
    "updated_at": "2023-10-15T15:17:51.068Z"
  }
},
{
  "model": "transportes.passageiroviagem",
  "pk": 7,
  "fields": {
    "paciente": "DIDA",
    "acompanhante": null,
    "local_exame": null,
    "local_espera": null,
    "viagem": 4,
    "telefone": null,
    "created_at": "2023-10-22T23:32:38.631Z",
    "updated_at": "2023-10-22T23:32:38.631Z"
  }
},
{
  "model": "transportes.passageiroviagem",
  "pk": 8,
  "fields": {
    "paciente": "EDIONE",
    "acompanhante": null,
    "local_exame": null,
    "local_espera": null,
    "viagem": 4,
    "telefone": null,
    "created_at": "2023-10-22T23:32:38.637Z",
    "updated_at": "2023-10-22T23:32:38.637Z"
  }
},
{
  "model": "transportes.carro",
  "pk": 1,
  "fields": {
    "nome": "SIENA",
    "placa": "OXB1002",
    "foto": "media/carros/siena_tJNgMDF.jpg",
    "tipo_transporte": "2",
    "forma_atend": "1",
    "ano_fabricacao": 2023,
    "fabricante": "FIAT",
    "created_at": "2023-09-24T19:31:38.737Z",
    "updated_at": "2023-10-14T14:46:45.591Z"
  }
},
{
  "model": "transportes.carro",
  "pk": 2,
  "fields": {
    "nome": "arco",
    "placa": "txh6050",
    "foto": "media/carros/brasao.png",
    "tipo_transporte": "2",
    "forma_atend": "1",
    "ano_fabricacao": 2020,
    "fabricante": "fiat",
    "created_at": "2023-10-12T17:23:06.764Z",
    "updated_at": "2023-10-14T15:33:58.317Z"
  }
},
{
  "model": "transportes.registrotransporte",
  "pk": 1,
  "fields": {
    "paciente": 1,
    "status": "1",
    "dt_atendimento": "2023-02-12",
    "carro": 1,
    "tipo_atend": "1",
    "acompanhante": "1",
    "atend_zona_rural": "1",
    "origem": "SANTO ANTÔNIO DO JACINTO-MG",
    "destino": "BELO HORIZONTE",
    "dist_percorrida": 800,
    "quant_proced_paciente": 32,
    "quant_proced_acompanhante": 32,
    "created_at": "2023-10-12T13:13:14.828Z",
    "updated_at": "2023-10-12T13:13:14.828Z"
  }
},
{
  "model": "transportes.registrotransporte",
  "pk": 2,
  "fields": {
    "paciente": 3,
    "status": "1",
    "dt_atendimento": "2023-01-12",
    "carro": 1,
    "tipo_atend": "1",
    "acompanhante": "1",
    "atend_zona_rural": "1",
    "origem": "SANTO ANTÔNIO DO JACINTO-MG",
    "destino": "BELO HORIZONTE",
    "dist_percorrida": 800,
    "quant_proced_paciente": 32,
    "quant_proced_acompanhante": 32,
    "created_at": "2023-10-12T13:21:29.914Z",
    "updated_at": "2023-10-12T13:21:29.915Z"
  }
},
{
  "model": "transportes.registrotransporte",
  "pk": 3,
  "fields": {
    "paciente": 4,
    "status": "1",
    "dt_atendimento": "2023-01-12",
    "carro": 2,
    "tipo_atend": "2",
    "acompanhante": "2",
    "atend_zona_rural": "2",
    "origem": "SANTO ANTÔNIO DO JACINTO-MG",
    "destino": "JACINTO",
    "dist_percorrida": 60,
    "quant_proced_paciente": 10,
    "quant_proced_acompanhante": null,
    "created_at": "2023-10-12T13:23:38.404Z",
    "updated_at": "2023-10-12T17:23:17.746Z"
  }
},
{
  "model": "transportes.registrotransporte",
  "pk": 4,
  "fields": {
    "paciente": 2,
    "status": "3",
    "dt_atendimento": "2023-12-12",
    "carro": 2,
    "tipo_atend": "1",
    "acompanhante": "1",
    "atend_zona_rural": "1",
    "origem": "SANTO ANTÔNIO DO JACINTO-MG",
    "destino": "ALMENRA",
    "dist_percorrida": 300,
    "quant_proced_paciente": 32,
    "quant_proced_acompanhante": 32,
    "created_at": "2023-10-14T13:36:23.348Z",
    "updated_at": "2023-10-14T15:34:36.300Z"
  }
},
{
  "model": "profissionais.profissional",
  "pk": 1,
  "fields": {
    "nome_completo": "Sara Luna Cavalcanti",
    "email": null,
    "cpf": "65561890492",
    "status": "1",
    "cns": 884849478630002,
    "cargo": "1",
    "sexo": "F",
    "dt_nascimento": "1996-12-01",
    "telefone": "(33) 9988-5542",
    "estabelecimento": 4,
    "microarea": 11,
    "created_at": "2023-05-21T22:55:42.252Z",
    "updated_at": "2023-10-21T20:29:39.151Z"
  }
},
{
  "model": "profissionais.profissional",
  "pk": 2,
  "fields": {
    "nome_completo": "Marcelo Enrico Gomes",
    "email": null,
    "cpf": "27373624405",
    "status": "1",
    "cns": 182197447020001,
    "cargo": "3",
    "sexo": "M",
    "dt_nascimento": "1996-12-01",
    "telefone": "(33) 8954-2369",
    "estabelecimento": 4,
    "microarea": 24,
    "created_at": "2023-05-21T22:59:56.676Z",
    "updated_at": "2023-10-21T20:43:44.165Z"
  }
},
{
  "model": "profissionais.profissional",
  "pk": 3,
  "fields": {
    "nome_completo": "Kamilly Luna  Viana",
    "email": null,
    "cpf": "19211487480",
    "status": "1",
    "cns": 255569890460004,
    "cargo": "4",
    "sexo": "F",
    "dt_nascimento": "1996-12-01",
    "telefone": "(33) 9988-7755",
    "estabelecimento": 2,
    "microarea": null,
    "created_at": "2023-05-21T23:04:25.078Z",
    "updated_at": "2023-10-21T20:47:24.090Z"
  }
},
{
  "model": "profissionais.profissional",
  "pk": 5,
  "fields": {
    "nome_completo": "LEONARDO COSTA SILVA",
    "email": null,
    "cpf": "42788475055",
    "status": "1",
    "cns": 952419854470004,
    "cargo": "8",
    "sexo": "M",
    "dt_nascimento": "2002-09-12",
    "telefone": "(23) 23232-1333",
    "estabelecimento": 2,
    "microarea": null,
    "created_at": "2023-10-21T21:48:42.412Z",
    "updated_at": "2023-10-21T21:48:42.412Z"
  }
},
{
  "model": "tfds.recibotfd",
  "pk": 5,
  "fields": {
    "paciente": 3,
    "acompanhante": null,
    "rg": null,
    "cpf": null,
    "cns": null,
    "municipio_origem": "Santo Antônio do Jacinto-MG",
    "municipio_destino": "ALMENARA",
    "data": "2023-02-12",
    "grs": "Pedra Azul-MG",
    "especialidade": "PEDIATRIA",
    "created_at": "2023-10-14T13:11:59.075Z",
    "updated_at": "2023-10-21T18:51:41.860Z"
  }
},
{
  "model": "tfds.recibotfd",
  "pk": 6,
  "fields": {
    "paciente": 1,
    "acompanhante": null,
    "rg": null,
    "cpf": null,
    "cns": null,
    "municipio_origem": "Santo Antônio do Jacinto-MG",
    "municipio_destino": "SANTA MARIA DO SALTO",
    "data": "2023-10-10",
    "grs": "Pedra Azul-MG",
    "especialidade": "CARDIOLOGISTA",
    "created_at": "2023-10-14T13:29:19.015Z",
    "updated_at": "2023-10-16T00:03:00.747Z"
  }
},
{
  "model": "tfds.recibotfd",
  "pk": 7,
  "fields": {
    "paciente": 4,
    "acompanhante": "joao carlos",
    "rg": "2132131313",
    "cpf": "425.837.660-40",
    "cns": 227272446740009,
    "municipio_origem": "Santo Antônio do Jacinto-MG",
    "municipio_destino": "ALMENARA",
    "data": "2023-02-12",
    "grs": "Pedra Azul-MG",
    "especialidade": "CARDIOLOGISTA",
    "created_at": "2023-10-21T11:51:58.220Z",
    "updated_at": "2023-10-21T19:12:30.928Z"
  }
},
{
  "model": "tfds.recibotfd",
  "pk": 8,
  "fields": {
    "paciente": 3,
    "acompanhante": "JOAO CARLOS da silva",
    "rg": "3890676",
    "cpf": "527.607.750-97",
    "cns": 852129558630007,
    "municipio_origem": "Santo Antônio do Jacinto-MG",
    "municipio_destino": "ALMENARA",
    "data": "2023-10-12",
    "grs": "Pedra Azul-MG",
    "especialidade": "CARDIOLOGISTA",
    "created_at": "2023-10-21T13:38:09.057Z",
    "updated_at": "2023-10-21T15:05:41.630Z"
  }
},
{
  "model": "tfds.recibotfd",
  "pk": 9,
  "fields": {
    "paciente": 2,
    "acompanhante": null,
    "rg": null,
    "cpf": null,
    "cns": null,
    "municipio_origem": "Santo Antônio do Jacinto-MG",
    "municipio_destino": "BELO HORIZONTE",
    "data": "2023-10-23",
    "grs": "Pedra Azul-MG",
    "especialidade": "medico clinico",
    "created_at": "2023-10-21T14:49:25.652Z",
    "updated_at": "2023-10-21T18:50:16.476Z"
  }
},
{
  "model": "tfds.procedimentosia",
  "pk": 18,
  "fields": {
    "qtd_procedimento": 3,
    "recibo_tfd": 6,
    "codigosia": 3,
    "created_at": "2023-10-16T00:02:46.849Z",
    "updated_at": "2023-10-16T00:02:46.849Z"
  }
},
{
  "model": "tfds.procedimentosia",
  "pk": 19,
  "fields": {
    "qtd_procedimento": 3,
    "recibo_tfd": 6,
    "codigosia": 5,
    "created_at": "2023-10-16T00:02:46.857Z",
    "updated_at": "2023-10-16T00:02:46.857Z"
  }
},
{
  "model": "tfds.procedimentosia",
  "pk": 20,
  "fields": {
    "qtd_procedimento": 3,
    "recibo_tfd": 7,
    "codigosia": 5,
    "created_at": "2023-10-21T11:51:58.230Z",
    "updated_at": "2023-10-21T11:51:58.230Z"
  }
},
{
  "model": "tfds.procedimentosia",
  "pk": 21,
  "fields": {
    "qtd_procedimento": 4,
    "recibo_tfd": 7,
    "codigosia": 19,
    "created_at": "2023-10-21T11:51:58.238Z",
    "updated_at": "2023-10-21T11:51:58.238Z"
  }
},
{
  "model": "tfds.procedimentosia",
  "pk": 22,
  "fields": {
    "qtd_procedimento": 3,
    "recibo_tfd": 8,
    "codigosia": 5,
    "created_at": "2023-10-21T13:38:09.066Z",
    "updated_at": "2023-10-21T13:38:09.066Z"
  }
},
{
  "model": "tfds.procedimentosia",
  "pk": 23,
  "fields": {
    "qtd_procedimento": 4,
    "recibo_tfd": 8,
    "codigosia": 3,
    "created_at": "2023-10-21T13:38:09.076Z",
    "updated_at": "2023-10-21T13:38:09.076Z"
  }
},
{
  "model": "tfds.procedimentosia",
  "pk": 24,
  "fields": {
    "qtd_procedimento": 3,
    "recibo_tfd": 9,
    "codigosia": 4,
    "created_at": "2023-10-21T14:49:25.659Z",
    "updated_at": "2023-10-21T14:49:25.660Z"
  }
},
{
  "model": "tfds.procedimentosia",
  "pk": 25,
  "fields": {
    "qtd_procedimento": 3,
    "recibo_tfd": 9,
    "codigosia": 5,
    "created_at": "2023-10-21T14:49:25.670Z",
    "updated_at": "2023-10-21T14:49:25.670Z"
  }
},
{
  "model": "tfds.procedimentosia",
  "pk": 26,
  "fields": {
    "qtd_procedimento": 5,
    "recibo_tfd": 9,
    "codigosia": 5,
    "created_at": "2023-10-21T18:50:16.500Z",
    "updated_at": "2023-10-21T18:50:16.501Z"
  }
},
{
  "model": "tfds.procedimentosia",
  "pk": 27,
  "fields": {
    "qtd_procedimento": 4,
    "recibo_tfd": 5,
    "codigosia": 5,
    "created_at": "2023-10-21T18:51:41.873Z",
    "updated_at": "2023-10-21T18:51:41.873Z"
  }
},
{
  "model": "tfds.codigosia",
  "pk": 3,
  "fields": {
    "codigo": "0803010010",
    "nome_proced": "AJUDA DE CUSTO P/ ALIMENTAÇÃO/PERNOITE DE PACIENTE",
    "valor_unitario": "24.90",
    "valor_contrapartida": "78.29",
    "subtotal": "103.19",
    "created_at": "2023-10-01T01:38:52.974Z",
    "updated_at": "2023-10-20T01:22:53.646Z"
  }
},
{
  "model": "tfds.codigosia",
  "pk": 4,
  "fields": {
    "codigo": "0803010044",
    "nome_proced": "AJUDA DE CUSTO P/ ALIMENTAÇÃO/PERNOITE DE ACOMPANHANTE",
    "valor_unitario": "24.75",
    "valor_contrapartida": "78.25",
    "subtotal": "103.00",
    "created_at": "2023-10-01T01:40:00.635Z",
    "updated_at": "2023-10-13T15:51:45.067Z"
  }
},
{
  "model": "tfds.codigosia",
  "pk": 5,
  "fields": {
    "codigo": "0803010028",
    "nome_proced": "AJUDA DE CUSTO PARA ALIMENTAÇÃO DE PACIENTE SEM PERNOITE",
    "valor_unitario": "8.40",
    "valor_contrapartida": "41.60",
    "subtotal": "50.00",
    "created_at": "2023-10-01T01:43:52.438Z",
    "updated_at": "2023-10-13T15:51:09.369Z"
  }
},
{
  "model": "tfds.codigosia",
  "pk": 6,
  "fields": {
    "codigo": "0803010052",
    "nome_proced": "AJUDA DE CUSTO PARA ALIMENTAÇÃO DE ACOMPANHANTE S/PERNOITE",
    "valor_unitario": "8.40",
    "valor_contrapartida": "41.60",
    "subtotal": "50.00",
    "created_at": "2023-10-01T01:44:47.186Z",
    "updated_at": "2023-10-13T18:50:29.688Z"
  }
},
{
  "model": "tfds.codigosia",
  "pk": 19,
  "fields": {
    "codigo": "3323434444",
    "nome_proced": "e33",
    "valor_unitario": "32.32",
    "valor_contrapartida": "34.34",
    "subtotal": "66.66",
    "created_at": "2023-10-20T01:23:25.379Z",
    "updated_at": "2023-10-20T01:23:25.379Z"
  }
},
{
  "model": "tfds.recibopassagemtfd",
  "pk": 2,
  "fields": {
    "paciente": 3,
    "acompanhante": null,
    "rg": null,
    "cpf": null,
    "cns": null,
    "meio_transporte": "1",
    "quant_passagem_paciente": 2,
    "quant_passagem_acompanhante": null,
    "trecho": "800",
    "codigo_sia_paciente": "0803010125",
    "codigo_sia_acompanhante": null,
    "valor_paciente_sia": "300.00",
    "valor_acompanhante_sia": "0.00",
    "data_recibo": "2023-09-12",
    "created_at": "2023-10-15T19:12:06.675Z",
    "updated_at": "2023-10-21T18:40:03.189Z"
  }
},
{
  "model": "tfds.recibopassagemtfd",
  "pk": 3,
  "fields": {
    "paciente": 1,
    "acompanhante": null,
    "rg": null,
    "cpf": null,
    "cns": null,
    "meio_transporte": "1",
    "quant_passagem_paciente": 2,
    "quant_passagem_acompanhante": null,
    "trecho": "BH",
    "codigo_sia_paciente": "0803010125",
    "codigo_sia_acompanhante": null,
    "valor_paciente_sia": "300.00",
    "valor_acompanhante_sia": "0.00",
    "data_recibo": "2023-12-12",
    "created_at": "2023-10-15T21:12:40.194Z",
    "updated_at": "2023-10-21T18:39:02.730Z"
  }
},
{
  "model": "tfds.recibopassagemtfd",
  "pk": 4,
  "fields": {
    "paciente": 3,
    "acompanhante": null,
    "rg": null,
    "cpf": null,
    "cns": null,
    "meio_transporte": "1",
    "quant_passagem_paciente": 4,
    "quant_passagem_acompanhante": null,
    "trecho": "BH",
    "codigo_sia_paciente": "0803010125",
    "codigo_sia_acompanhante": null,
    "valor_paciente_sia": "450.00",
    "valor_acompanhante_sia": "0.00",
    "data_recibo": "2023-09-12",
    "created_at": "2023-10-15T21:40:17.979Z",
    "updated_at": "2023-10-21T00:00:46.763Z"
  }
},
{
  "model": "tfds.recibopassagemtfd",
  "pk": 6,
  "fields": {
    "paciente": 1,
    "acompanhante": "jose silva",
    "rg": "2323213131",
    "cpf": "727.187.114-42",
    "cns": 240725780800001,
    "meio_transporte": "1",
    "quant_passagem_paciente": 3,
    "quant_passagem_acompanhante": 3,
    "trecho": "SAJA/BH",
    "codigo_sia_paciente": "0803010125",
    "codigo_sia_acompanhante": "0803010109",
    "valor_paciente_sia": "300.00",
    "valor_acompanhante_sia": "300.00",
    "data_recibo": "2023-10-12",
    "created_at": "2023-10-21T15:50:46.969Z",
    "updated_at": "2023-10-21T15:50:46.970Z"
  }
},
{
  "model": "tfds.recibopassagemtfd",
  "pk": 8,
  "fields": {
    "paciente": 4,
    "acompanhante": null,
    "rg": null,
    "cpf": null,
    "cns": null,
    "meio_transporte": "1",
    "quant_passagem_paciente": 3,
    "quant_passagem_acompanhante": null,
    "trecho": "SAJA/BH",
    "codigo_sia_paciente": "0803010125",
    "codigo_sia_acompanhante": null,
    "valor_paciente_sia": "230.30",
    "valor_acompanhante_sia": "0.00",
    "data_recibo": "1202-10-12",
    "created_at": "2023-10-21T15:52:32.565Z",
    "updated_at": "2023-10-21T15:52:46.153Z"
  }
},
{
  "model": "tfds.recibopassagemtfd",
  "pk": 9,
  "fields": {
    "paciente": 2,
    "acompanhante": null,
    "rg": null,
    "cpf": null,
    "cns": null,
    "meio_transporte": "1",
    "quant_passagem_paciente": 1,
    "quant_passagem_acompanhante": null,
    "trecho": "SAJA/EUNAPOLIS",
    "codigo_sia_paciente": "0803010125",
    "codigo_sia_acompanhante": null,
    "valor_paciente_sia": "300.00",
    "valor_acompanhante_sia": "0.00",
    "data_recibo": "2023-10-01",
    "created_at": "2023-10-21T18:42:09.306Z",
    "updated_at": "2023-10-21T18:52:19.786Z"
  }
},
{
  "model": "tfds.recibopassagemtfd",
  "pk": 10,
  "fields": {
    "paciente": 5,
    "acompanhante": "ALEXANDRE",
    "rg": "3991332323",
    "cpf": "048.152.860-19",
    "cns": 227272446740009,
    "meio_transporte": "1",
    "quant_passagem_paciente": 2,
    "quant_passagem_acompanhante": 2,
    "trecho": "SAJA/BH",
    "codigo_sia_paciente": "0803010125",
    "codigo_sia_acompanhante": "0803010109",
    "valor_paciente_sia": "300.00",
    "valor_acompanhante_sia": "300.00",
    "data_recibo": "2023-10-05",
    "created_at": "2023-10-21T18:59:45.990Z",
    "updated_at": "2023-10-21T18:59:45.990Z"
  }
},
{
  "model": "estabelecimentos.estabelecimento",
  "pk": 2,
  "fields": {
    "nome": "PSF JOVENTINO BATISTA",
    "cnes": 6228526,
    "created_at": "2023-09-16T15:34:09.710Z",
    "updated_at": "2023-09-16T15:34:09.710Z"
  }
},
{
  "model": "estabelecimentos.estabelecimento",
  "pk": 4,
  "fields": {
    "nome": "UNIDADE BASICA DE SAUDE DE CATAJAS",
    "cnes": 2119749,
    "created_at": "2023-09-16T15:34:46.536Z",
    "updated_at": "2023-09-16T15:34:46.536Z"
  }
},
{
  "model": "estabelecimentos.estabelecimento",
  "pk": 5,
  "fields": {
    "nome": "UNIDADE BASICA DE SAUDE DONA CARMITA FREITAS DOS SANTOS",
    "cnes": 7384831,
    "created_at": "2023-09-16T15:35:02.624Z",
    "updated_at": "2023-09-16T15:35:02.624Z"
  }
},
{
  "model": "estabelecimentos.estabelecimento",
  "pk": 6,
  "fields": {
    "nome": "UNIDADE BASICA DE SAUDE ESF SAUDE PARA TODOS",
    "cnes": 2119730,
    "created_at": "2023-09-16T15:35:23.031Z",
    "updated_at": "2023-09-16T15:35:23.031Z"
  }
},
{
  "model": "estabelecimentos.estabelecimento",
  "pk": 7,
  "fields": {
    "nome": "UNIDADE DE SAUDE DONA MARIA ROSA BANDEIRA",
    "cnes": 6763227,
    "created_at": "2023-09-16T15:35:36.446Z",
    "updated_at": "2023-09-16T15:35:36.446Z"
  }
},
{
  "model": "estabelecimentos.estabelecimento",
  "pk": 8,
  "fields": {
    "nome": "UNIDADE MISTA DE SANTO ANTONIO DO JACINTO",
    "cnes": 3890643,
    "created_at": "2023-09-16T15:36:06.339Z",
    "updated_at": "2023-09-16T15:36:06.339Z"
  }
},
{
  "model": "estabelecimentos.microarea",
  "pk": 1,
  "fields": {
    "microarea": 1,
    "estabelecimento": 6,
    "created_at": "2023-09-16T15:37:53.426Z",
    "updated_at": "2023-09-16T15:37:53.426Z"
  }
},
{
  "model": "estabelecimentos.microarea",
  "pk": 2,
  "fields": {
    "microarea": 2,
    "estabelecimento": 6,
    "created_at": "2023-09-16T15:37:59.809Z",
    "updated_at": "2023-09-16T15:37:59.809Z"
  }
},
{
  "model": "estabelecimentos.microarea",
  "pk": 3,
  "fields": {
    "microarea": 3,
    "estabelecimento": 6,
    "created_at": "2023-09-16T15:38:05.955Z",
    "updated_at": "2023-09-16T15:38:05.955Z"
  }
},
{
  "model": "estabelecimentos.microarea",
  "pk": 4,
  "fields": {
    "microarea": 4,
    "estabelecimento": 6,
    "created_at": "2023-09-16T15:38:17.323Z",
    "updated_at": "2023-09-16T15:38:17.323Z"
  }
},
{
  "model": "estabelecimentos.microarea",
  "pk": 5,
  "fields": {
    "microarea": 5,
    "estabelecimento": 6,
    "created_at": "2023-09-16T15:38:23.410Z",
    "updated_at": "2023-09-16T15:38:23.410Z"
  }
},
{
  "model": "estabelecimentos.microarea",
  "pk": 6,
  "fields": {
    "microarea": 6,
    "estabelecimento": 6,
    "created_at": "2023-09-16T15:38:29.088Z",
    "updated_at": "2023-09-16T15:38:29.088Z"
  }
},
{
  "model": "estabelecimentos.microarea",
  "pk": 7,
  "fields": {
    "microarea": 7,
    "estabelecimento": 2,
    "created_at": "2023-05-21T22:34:06.711Z",
    "updated_at": "2023-05-21T22:34:06.711Z"
  }
},
{
  "model": "estabelecimentos.microarea",
  "pk": 8,
  "fields": {
    "microarea": 8,
    "estabelecimento": 2,
    "created_at": "2023-05-21T22:34:18.089Z",
    "updated_at": "2023-05-21T22:34:18.089Z"
  }
},
{
  "model": "estabelecimentos.microarea",
  "pk": 9,
  "fields": {
    "microarea": 9,
    "estabelecimento": 2,
    "created_at": "2023-05-21T22:34:27.108Z",
    "updated_at": "2023-05-21T22:34:27.108Z"
  }
},
{
  "model": "estabelecimentos.microarea",
  "pk": 10,
  "fields": {
    "microarea": 10,
    "estabelecimento": 2,
    "created_at": "2023-05-21T22:34:36.564Z",
    "updated_at": "2023-05-21T22:34:36.564Z"
  }
},
{
  "model": "estabelecimentos.microarea",
  "pk": 11,
  "fields": {
    "microarea": 11,
    "estabelecimento": 2,
    "created_at": "2023-05-21T22:34:45.700Z",
    "updated_at": "2023-05-21T22:34:45.700Z"
  }
},
{
  "model": "estabelecimentos.microarea",
  "pk": 12,
  "fields": {
    "microarea": 12,
    "estabelecimento": 2,
    "created_at": "2023-05-21T22:35:04.275Z",
    "updated_at": "2023-05-21T22:35:04.275Z"
  }
},
{
  "model": "estabelecimentos.microarea",
  "pk": 13,
  "fields": {
    "microarea": 13,
    "estabelecimento": 4,
    "created_at": "2023-05-21T22:35:24.489Z",
    "updated_at": "2023-05-21T22:35:24.489Z"
  }
},
{
  "model": "estabelecimentos.microarea",
  "pk": 14,
  "fields": {
    "microarea": 14,
    "estabelecimento": 4,
    "created_at": "2023-05-21T22:35:32.599Z",
    "updated_at": "2023-05-21T22:35:32.599Z"
  }
},
{
  "model": "estabelecimentos.microarea",
  "pk": 15,
  "fields": {
    "microarea": 15,
    "estabelecimento": 4,
    "created_at": "2023-05-21T22:35:40.466Z",
    "updated_at": "2023-05-21T22:35:40.466Z"
  }
},
{
  "model": "estabelecimentos.microarea",
  "pk": 16,
  "fields": {
    "microarea": 16,
    "estabelecimento": 4,
    "created_at": "2023-05-21T22:37:50.086Z",
    "updated_at": "2023-05-21T22:37:50.086Z"
  }
},
{
  "model": "estabelecimentos.microarea",
  "pk": 17,
  "fields": {
    "microarea": 17,
    "estabelecimento": 4,
    "created_at": "2023-05-21T22:38:13.101Z",
    "updated_at": "2023-05-21T22:38:13.101Z"
  }
},
{
  "model": "estabelecimentos.microarea",
  "pk": 18,
  "fields": {
    "microarea": 18,
    "estabelecimento": 4,
    "created_at": "2023-05-21T22:38:19.229Z",
    "updated_at": "2023-05-21T22:38:19.229Z"
  }
},
{
  "model": "estabelecimentos.microarea",
  "pk": 19,
  "fields": {
    "microarea": 19,
    "estabelecimento": 5,
    "created_at": "2023-05-21T22:39:02.516Z",
    "updated_at": "2023-05-21T22:39:02.516Z"
  }
},
{
  "model": "estabelecimentos.microarea",
  "pk": 20,
  "fields": {
    "microarea": 20,
    "estabelecimento": 5,
    "created_at": "2023-05-21T22:39:10.759Z",
    "updated_at": "2023-05-21T22:39:10.759Z"
  }
},
{
  "model": "estabelecimentos.microarea",
  "pk": 21,
  "fields": {
    "microarea": 21,
    "estabelecimento": 5,
    "created_at": "2023-05-21T22:39:31.429Z",
    "updated_at": "2023-05-21T22:39:31.429Z"
  }
},
{
  "model": "estabelecimentos.microarea",
  "pk": 22,
  "fields": {
    "microarea": 22,
    "estabelecimento": 5,
    "created_at": "2023-05-21T22:40:32.535Z",
    "updated_at": "2023-05-21T22:40:32.535Z"
  }
},
{
  "model": "estabelecimentos.microarea",
  "pk": 23,
  "fields": {
    "microarea": 23,
    "estabelecimento": 5,
    "created_at": "2023-05-21T22:40:38.206Z",
    "updated_at": "2023-05-21T22:40:38.206Z"
  }
},
{
  "model": "estabelecimentos.microarea",
  "pk": 24,
  "fields": {
    "microarea": 24,
    "estabelecimento": 5,
    "created_at": "2023-05-21T22:41:10.456Z",
    "updated_at": "2023-05-21T22:41:10.456Z"
  }
},
{
  "model": "estabelecimentos.microarea",
  "pk": 25,
  "fields": {
    "microarea": 27,
    "estabelecimento": 7,
    "created_at": "2023-05-21T22:41:23.382Z",
    "updated_at": "2023-05-21T22:41:23.382Z"
  }
},
{
  "model": "estabelecimentos.microarea",
  "pk": 26,
  "fields": {
    "microarea": 28,
    "estabelecimento": 7,
    "created_at": "2023-05-21T22:41:34.573Z",
    "updated_at": "2023-05-21T22:41:34.573Z"
  }
},
{
  "model": "estabelecimentos.microarea",
  "pk": 27,
  "fields": {
    "microarea": 29,
    "estabelecimento": 7,
    "created_at": "2023-05-21T22:41:45.447Z",
    "updated_at": "2023-05-21T22:41:45.447Z"
  }
},
{
  "model": "estabelecimentos.microarea",
  "pk": 28,
  "fields": {
    "microarea": 30,
    "estabelecimento": 7,
    "created_at": "2023-05-21T22:41:50.512Z",
    "updated_at": "2023-05-21T22:41:50.512Z"
  }
},
{
  "model": "estabelecimentos.microarea",
  "pk": 29,
  "fields": {
    "microarea": 25,
    "estabelecimento": 7,
    "created_at": "2023-05-28T20:32:18.288Z",
    "updated_at": "2023-05-28T20:32:18.288Z"
  }
},
{
  "model": "estabelecimentos.microarea",
  "pk": 30,
  "fields": {
    "microarea": 26,
    "estabelecimento": 7,
    "created_at": "2023-05-28T20:32:25.414Z",
    "updated_at": "2023-05-28T20:32:25.414Z"
  }
},

{
  "model": "especialidades.especialidade",
  "pk": 1,
  "fields": {
    "nome": "CARDIOLOGIA",
    "created_at": "2023-09-16T16:55:16.814Z",
    "updated_at": "2023-10-21T22:58:06.513Z"
  }
},
{
  "model": "especialidades.especialidade",
  "pk": 2,
  "fields": {
    "nome": "Neurologia",
    "created_at": "2023-09-16T16:55:57.280Z",
    "updated_at": "2023-09-16T16:55:57.280Z"
  }
},
{
  "model": "especialidades.especialidade",
  "pk": 3,
  "fields": {
    "nome": "Oftalmologia",
    "created_at": "2023-09-16T16:56:16.671Z",
    "updated_at": "2023-09-16T16:56:16.671Z"
  }
},
{
  "model": "especialidades.especialidade",
  "pk": 4,
  "fields": {
    "nome": "Psiquiatria",
    "created_at": "2023-09-16T16:56:29.680Z",
    "updated_at": "2023-09-16T16:56:29.680Z"
  }
},
{
  "model": "especialidades.especialidade",
  "pk": 5,
  "fields": {
    "nome": "Urologia",
    "created_at": "2023-09-16T16:56:42.462Z",
    "updated_at": "2023-09-16T16:56:42.462Z"
  }
},
{
  "model": "especialidades.especialidade",
  "pk": 6,
  "fields": {
    "nome": "Pneumologia",
    "created_at": "2023-09-16T16:56:57.339Z",
    "updated_at": "2023-09-16T16:56:57.339Z"
  }
},
{
  "model": "especialidades.pacienteespecialidade",
  "pk": 1,
  "fields": {
    "paciente": 1,
    "especialidade": 1,
    "data_pedido": "2023-07-12",
    "profissional": 1,
    "classificacao": "1",
    "tipo_atendimento": "1",
    "observacao": "",
    "status": "1",
    "created_at": "2023-09-23T20:41:53.943Z",
    "updated_at": "2023-09-23T20:41:53.943Z"
  }
},
{
  "model": "especialidades.pacienteespecialidade",
  "pk": 2,
  "fields": {
    "paciente": 1,
    "especialidade": 2,
    "data_pedido": "2023-07-13",
    "profissional": 2,
    "classificacao": "1",
    "tipo_atendimento": "2",
    "observacao": "",
    "status": "1",
    "created_at": "2023-09-23T20:42:31.769Z",
    "updated_at": "2023-09-23T20:42:31.769Z"
  }
},
{
  "model": "especialidades.pacienteespecialidade",
  "pk": 3,
  "fields": {
    "paciente": 4,
    "especialidade": 1,
    "data_pedido": "2023-01-10",
    "profissional": 2,
    "classificacao": "2",
    "tipo_atendimento": "1",
    "observacao": "adakjd",
    "status": "1",
    "created_at": "2023-10-21T22:56:10.654Z",
    "updated_at": "2023-10-21T22:56:10.654Z"
  }
}
]
