[
{
  "model": "auth.permission",
  "pk": 1,
  "fields": {
    "name": "Can add log entry",
    "content_type": 1,
    "codename": "add_logentry"
  }
},
{
  "model": "auth.permission",
  "pk": 2,
  "fields": {
    "name": "Can change log entry",
    "content_type": 1,
    "codename": "change_logentry"
  }
},
{
  "model": "auth.permission",
  "pk": 3,
  "fields": {
    "name": "Can delete log entry",
    "content_type": 1,
    "codename": "delete_logentry"
  }
},
{
  "model": "auth.permission",
  "pk": 4,
  "fields": {
    "name": "Can view log entry",
    "content_type": 1,
    "codename": "view_logentry"
  }
},
{
  "model": "auth.permission",
  "pk": 5,
  "fields": {
    "name": "Can add permission",
    "content_type": 2,
    "codename": "add_permission"
  }
},
{
  "model": "auth.permission",
  "pk": 6,
  "fields": {
    "name": "Can change permission",
    "content_type": 2,
    "codename": "change_permission"
  }
},
{
  "model": "auth.permission",
  "pk": 7,
  "fields": {
    "name": "Can delete permission",
    "content_type": 2,
    "codename": "delete_permission"
  }
},
{
  "model": "auth.permission",
  "pk": 8,
  "fields": {
    "name": "Can view permission",
    "content_type": 2,
    "codename": "view_permission"
  }
},
{
  "model": "auth.permission",
  "pk": 9,
  "fields": {
    "name": "Can add group",
    "content_type": 3,
    "codename": "add_group"
  }
},
{
  "model": "auth.permission",
  "pk": 10,
  "fields": {
    "name": "Can change group",
    "content_type": 3,
    "codename": "change_group"
  }
},
{
  "model": "auth.permission",
  "pk": 11,
  "fields": {
    "name": "Can delete group",
    "content_type": 3,
    "codename": "delete_group"
  }
},
{
  "model": "auth.permission",
  "pk": 12,
  "fields": {
    "name": "Can view group",
    "content_type": 3,
    "codename": "view_group"
  }
},
{
  "model": "auth.permission",
  "pk": 13,
  "fields": {
    "name": "Can add content type",
    "content_type": 4,
    "codename": "add_contenttype"
  }
},
{
  "model": "auth.permission",
  "pk": 14,
  "fields": {
    "name": "Can change content type",
    "content_type": 4,
    "codename": "change_contenttype"
  }
},
{
  "model": "auth.permission",
  "pk": 15,
  "fields": {
    "name": "Can delete content type",
    "content_type": 4,
    "codename": "delete_contenttype"
  }
},
{
  "model": "auth.permission",
  "pk": 16,
  "fields": {
    "name": "Can view content type",
    "content_type": 4,
    "codename": "view_contenttype"
  }
},
{
  "model": "auth.permission",
  "pk": 17,
  "fields": {
    "name": "Can add session",
    "content_type": 5,
    "codename": "add_session"
  }
},
{
  "model": "auth.permission",
  "pk": 18,
  "fields": {
    "name": "Can change session",
    "content_type": 5,
    "codename": "change_session"
  }
},
{
  "model": "auth.permission",
  "pk": 19,
  "fields": {
    "name": "Can delete session",
    "content_type": 5,
    "codename": "delete_session"
  }
},
{
  "model": "auth.permission",
  "pk": 20,
  "fields": {
    "name": "Can view session",
    "content_type": 5,
    "codename": "view_session"
  }
},
{
  "model": "auth.permission",
  "pk": 21,
  "fields": {
    "name": "Can add endereco",
    "content_type": 6,
    "codename": "add_endereco"
  }
},
{
  "model": "auth.permission",
  "pk": 22,
  "fields": {
    "name": "Can change endereco",
    "content_type": 6,
    "codename": "change_endereco"
  }
},
{
  "model": "auth.permission",
  "pk": 23,
  "fields": {
    "name": "Can delete endereco",
    "content_type": 6,
    "codename": "delete_endereco"
  }
},
{
  "model": "auth.permission",
  "pk": 24,
  "fields": {
    "name": "Can view endereco",
    "content_type": 6,
    "codename": "view_endereco"
  }
},
{
  "model": "auth.permission",
  "pk": 25,
  "fields": {
    "name": "Can add cidadao",
    "content_type": 7,
    "codename": "add_cidadao"
  }
},
{
  "model": "auth.permission",
  "pk": 26,
  "fields": {
    "name": "Can change cidadao",
    "content_type": 7,
    "codename": "change_cidadao"
  }
},
{
  "model": "auth.permission",
  "pk": 27,
  "fields": {
    "name": "Can delete cidadao",
    "content_type": 7,
    "codename": "delete_cidadao"
  }
},
{
  "model": "auth.permission",
  "pk": 28,
  "fields": {
    "name": "Can view cidadao",
    "content_type": 7,
    "codename": "view_cidadao"
  }
},
{
  "model": "auth.permission",
  "pk": 29,
  "fields": {
    "name": "Can add user",
    "content_type": 8,
    "codename": "add_usuario"
  }
},
{
  "model": "auth.permission",
  "pk": 30,
  "fields": {
    "name": "Can change user",
    "content_type": 8,
    "codename": "change_usuario"
  }
},
{
  "model": "auth.permission",
  "pk": 31,
  "fields": {
    "name": "Can delete user",
    "content_type": 8,
    "codename": "delete_usuario"
  }
},
{
  "model": "auth.permission",
  "pk": 32,
  "fields": {
    "name": "Can view user",
    "content_type": 8,
    "codename": "view_usuario"
  }
},
{
  "model": "auth.permission",
  "pk": 33,
  "fields": {
    "name": "Can add diaria",
    "content_type": 9,
    "codename": "add_diaria"
  }
},
{
  "model": "auth.permission",
  "pk": 34,
  "fields": {
    "name": "Can change diaria",
    "content_type": 9,
    "codename": "change_diaria"
  }
},
{
  "model": "auth.permission",
  "pk": 35,
  "fields": {
    "name": "Can delete diaria",
    "content_type": 9,
    "codename": "delete_diaria"
  }
},
{
  "model": "auth.permission",
  "pk": 36,
  "fields": {
    "name": "Can view diaria",
    "content_type": 9,
    "codename": "view_diaria"
  }
},
{
  "model": "auth.permission",
  "pk": 37,
  "fields": {
    "name": "Can add reembolso",
    "content_type": 10,
    "codename": "add_reembolso"
  }
},
{
  "model": "auth.permission",
  "pk": 38,
  "fields": {
    "name": "Can change reembolso",
    "content_type": 10,
    "codename": "change_reembolso"
  }
},
{
  "model": "auth.permission",
  "pk": 39,
  "fields": {
    "name": "Can delete reembolso",
    "content_type": 10,
    "codename": "delete_reembolso"
  }
},
{
  "model": "auth.permission",
  "pk": 40,
  "fields": {
    "name": "Can view reembolso",
    "content_type": 10,
    "codename": "view_reembolso"
  }
},
{
  "model": "auth.permission",
  "pk": 41,
  "fields": {
    "name": "Can add endereco",
    "content_type": 11,
    "codename": "add_endereco"
  }
},
{
  "model": "auth.permission",
  "pk": 42,
  "fields": {
    "name": "Can change endereco",
    "content_type": 11,
    "codename": "change_endereco"
  }
},
{
  "model": "auth.permission",
  "pk": 43,
  "fields": {
    "name": "Can delete endereco",
    "content_type": 11,
    "codename": "delete_endereco"
  }
},
{
  "model": "auth.permission",
  "pk": 44,
  "fields": {
    "name": "Can view endereco",
    "content_type": 11,
    "codename": "view_endereco"
  }
},
{
  "model": "auth.permission",
  "pk": 45,
  "fields": {
    "name": "Can add profissional",
    "content_type": 12,
    "codename": "add_profissional"
  }
},
{
  "model": "auth.permission",
  "pk": 46,
  "fields": {
    "name": "Can change profissional",
    "content_type": 12,
    "codename": "change_profissional"
  }
},
{
  "model": "auth.permission",
  "pk": 47,
  "fields": {
    "name": "Can delete profissional",
    "content_type": 12,
    "codename": "delete_profissional"
  }
},
{
  "model": "auth.permission",
  "pk": 48,
  "fields": {
    "name": "Can view profissional",
    "content_type": 12,
    "codename": "view_profissional"
  }
},
{
  "model": "auth.permission",
  "pk": 49,
  "fields": {
    "name": "Can add recibo tfd",
    "content_type": 13,
    "codename": "add_recibotfd"
  }
},
{
  "model": "auth.permission",
  "pk": 50,
  "fields": {
    "name": "Can change recibo tfd",
    "content_type": 13,
    "codename": "change_recibotfd"
  }
},
{
  "model": "auth.permission",
  "pk": 51,
  "fields": {
    "name": "Can delete recibo tfd",
    "content_type": 13,
    "codename": "delete_recibotfd"
  }
},
{
  "model": "auth.permission",
  "pk": 52,
  "fields": {
    "name": "Can view recibo tfd",
    "content_type": 13,
    "codename": "view_recibotfd"
  }
},
{
  "model": "auth.permission",
  "pk": 53,
  "fields": {
    "name": "Can add codigo sia",
    "content_type": 14,
    "codename": "add_codigosia"
  }
},
{
  "model": "auth.permission",
  "pk": 54,
  "fields": {
    "name": "Can change codigo sia",
    "content_type": 14,
    "codename": "change_codigosia"
  }
},
{
  "model": "auth.permission",
  "pk": 55,
  "fields": {
    "name": "Can delete codigo sia",
    "content_type": 14,
    "codename": "delete_codigosia"
  }
},
{
  "model": "auth.permission",
  "pk": 56,
  "fields": {
    "name": "Can view codigo sia",
    "content_type": 14,
    "codename": "view_codigosia"
  }
},
{
  "model": "auth.permission",
  "pk": 57,
  "fields": {
    "name": "Can add estabelecimento",
    "content_type": 15,
    "codename": "add_estabelecimento"
  }
},
{
  "model": "auth.permission",
  "pk": 58,
  "fields": {
    "name": "Can change estabelecimento",
    "content_type": 15,
    "codename": "change_estabelecimento"
  }
},
{
  "model": "auth.permission",
  "pk": 59,
  "fields": {
    "name": "Can delete estabelecimento",
    "content_type": 15,
    "codename": "delete_estabelecimento"
  }
},
{
  "model": "auth.permission",
  "pk": 60,
  "fields": {
    "name": "Can view estabelecimento",
    "content_type": 15,
    "codename": "view_estabelecimento"
  }
},
{
  "model": "auth.permission",
  "pk": 61,
  "fields": {
    "name": "Can add micro area",
    "content_type": 16,
    "codename": "add_microarea"
  }
},
{
  "model": "auth.permission",
  "pk": 62,
  "fields": {
    "name": "Can change micro area",
    "content_type": 16,
    "codename": "change_microarea"
  }
},
{
  "model": "auth.permission",
  "pk": 63,
  "fields": {
    "name": "Can delete micro area",
    "content_type": 16,
    "codename": "delete_microarea"
  }
},
{
  "model": "auth.permission",
  "pk": 64,
  "fields": {
    "name": "Can view micro area",
    "content_type": 16,
    "codename": "view_microarea"
  }
},
{
  "model": "auth.permission",
  "pk": 65,
  "fields": {
    "name": "Can add tipo especialidade",
    "content_type": 17,
    "codename": "add_tipoespecialidade"
  }
},
{
  "model": "auth.permission",
  "pk": 66,
  "fields": {
    "name": "Can change tipo especialidade",
    "content_type": 17,
    "codename": "change_tipoespecialidade"
  }
},
{
  "model": "auth.permission",
  "pk": 67,
  "fields": {
    "name": "Can delete tipo especialidade",
    "content_type": 17,
    "codename": "delete_tipoespecialidade"
  }
},
{
  "model": "auth.permission",
  "pk": 68,
  "fields": {
    "name": "Can view tipo especialidade",
    "content_type": 17,
    "codename": "view_tipoespecialidade"
  }
},
{
  "model": "auth.permission",
  "pk": 69,
  "fields": {
    "name": "Can add especialidade",
    "content_type": 18,
    "codename": "add_especialidade"
  }
},
{
  "model": "auth.permission",
  "pk": 70,
  "fields": {
    "name": "Can change especialidade",
    "content_type": 18,
    "codename": "change_especialidade"
  }
},
{
  "model": "auth.permission",
  "pk": 71,
  "fields": {
    "name": "Can delete especialidade",
    "content_type": 18,
    "codename": "delete_especialidade"
  }
},
{
  "model": "auth.permission",
  "pk": 72,
  "fields": {
    "name": "Can view especialidade",
    "content_type": 18,
    "codename": "view_especialidade"
  }
},
{
  "model": "contenttypes.contenttype",
  "pk": 1,
  "fields": {
    "app_label": "admin",
    "model": "logentry"
  }
},
{
  "model": "contenttypes.contenttype",
  "pk": 2,
  "fields": {
    "app_label": "auth",
    "model": "permission"
  }
},
{
  "model": "contenttypes.contenttype",
  "pk": 3,
  "fields": {
    "app_label": "auth",
    "model": "group"
  }
},
{
  "model": "contenttypes.contenttype",
  "pk": 4,
  "fields": {
    "app_label": "contenttypes",
    "model": "contenttype"
  }
},
{
  "model": "contenttypes.contenttype",
  "pk": 5,
  "fields": {
    "app_label": "sessions",
    "model": "session"
  }
},
{
  "model": "contenttypes.contenttype",
  "pk": 6,
  "fields": {
    "app_label": "cidadao",
    "model": "endereco"
  }
},
{
  "model": "contenttypes.contenttype",
  "pk": 7,
  "fields": {
    "app_label": "cidadao",
    "model": "cidadao"
  }
},
{
  "model": "contenttypes.contenttype",
  "pk": 8,
  "fields": {
    "app_label": "usuarios",
    "model": "usuario"
  }
},
{
  "model": "contenttypes.contenttype",
  "pk": 9,
  "fields": {
    "app_label": "despesas",
    "model": "diaria"
  }
},
{
  "model": "contenttypes.contenttype",
  "pk": 10,
  "fields": {
    "app_label": "despesas",
    "model": "reembolso"
  }
},
{
  "model": "contenttypes.contenttype",
  "pk": 11,
  "fields": {
    "app_label": "profissionais",
    "model": "endereco"
  }
},
{
  "model": "contenttypes.contenttype",
  "pk": 12,
  "fields": {
    "app_label": "profissionais",
    "model": "profissional"
  }
},
{
  "model": "contenttypes.contenttype",
  "pk": 13,
  "fields": {
    "app_label": "tfds",
    "model": "recibotfd"
  }
},
{
  "model": "contenttypes.contenttype",
  "pk": 14,
  "fields": {
    "app_label": "tfds",
    "model": "codigosia"
  }
},
{
  "model": "contenttypes.contenttype",
  "pk": 15,
  "fields": {
    "app_label": "estabelecimentos",
    "model": "estabelecimento"
  }
},
{
  "model": "contenttypes.contenttype",
  "pk": 16,
  "fields": {
    "app_label": "estabelecimentos",
    "model": "microarea"
  }
},
{
  "model": "contenttypes.contenttype",
  "pk": 17,
  "fields": {
    "app_label": "especialidades",
    "model": "tipoespecialidade"
  }
},
{
  "model": "contenttypes.contenttype",
  "pk": 18,
  "fields": {
    "app_label": "especialidades",
    "model": "especialidade"
  }
},
{
  "model": "cidadao.cidadao",
  "pk": 1,
  "fields": {
    "nome_completo": "JOAO MESSIAS DE OLIVEIRA",
    "email": "joao@gmail.com",
    "rg": null,
    "cpf": "22389570062",
    "cns": 276340566090007,
    "sexo": "M",
    "dt_nascimento": "1991-05-01",
    "nome_mae": "MARIA ALICE DA SILVA",
    "nome_pai": null,
    "telefone": null,
    "telefone1": "(33) 99999-9999",
    "endereco": 1,
    "microarea": 1,
    "created_at": "2023-05-21T22:46:29.058Z",
    "updated_at": "2023-05-21T22:46:29.058Z"
  }
},
{
  "model": "cidadao.cidadao",
  "pk": 2,
  "fields": {
    "nome_completo": "Elias Antonio Iago da Conceição",
    "email": null,
    "rg": "43.263.242",
    "cpf": "94405476420",
    "cns": 116618453280018,
    "sexo": "M",
    "dt_nascimento": "1992-03-13",
    "nome_mae": "Jennifer Larissa Evelyn",
    "nome_pai": "Vinicius Rodrigo Benício da Conceição",
    "telefone": null,
    "telefone1": "(33) 98854-5263",
    "endereco": 2,
    "microarea": 2,
    "created_at": "2023-05-21T22:48:38.116Z",
    "updated_at": "2023-05-21T22:48:38.116Z"
  }
},
{
  "model": "cidadao.cidadao",
  "pk": 3,
  "fields": {
    "nome_completo": "Clara Letícia Milena Rezende",
    "email": "clara-rezende90@sent.com",
    "rg": "38.579.209",
    "cpf": "72718711442",
    "cns": 240725780800001,
    "sexo": "F",
    "dt_nascimento": "1994-12-01",
    "nome_mae": "Maria Rayssa Maitê",
    "nome_pai": "Lucas Erick Erick Rezende",
    "telefone": null,
    "telefone1": "(99) 99999-9999",
    "endereco": 3,
    "microarea": 3,
    "created_at": "2023-05-21T22:49:58.878Z",
    "updated_at": "2023-05-21T22:49:58.878Z"
  }
},
{
  "model": "cidadao.cidadao",
  "pk": 4,
  "fields": {
    "nome_completo": "Caio Luan Carlos Eduardo Farias",
    "email": null,
    "rg": "32.728.180",
    "cpf": "81746683490",
    "cns": 206753191270006,
    "sexo": "F",
    "dt_nascimento": "2023-05-15",
    "nome_mae": "Maria Elizangela Costa",
    "nome_pai": null,
    "telefone": null,
    "telefone1": "(33) 8824-5785",
    "endereco": 4,
    "microarea": 5,
    "created_at": "2023-05-21T22:52:48.699Z",
    "updated_at": "2023-05-21T22:52:48.699Z"
  }
},
{
  "model": "cidadao.endereco",
  "pk": 1,
  "fields": {
    "logradouro": "RUA DE 13 DE JANEIRO",
    "numero": "100",
    "bairro": "CENTRO",
    "complemento": "CASA",
    "cep": "39935-000",
    "cidade": "Santo Antônio do Jacinto",
    "estado": "MG",
    "created_at": "2023-05-21T22:46:29.050Z",
    "updated_at": "2023-05-21T22:46:29.050Z"
  }
},
{
  "model": "cidadao.endereco",
  "pk": 2,
  "fields": {
    "logradouro": "Rua do Comércio 123",
    "numero": "200",
    "bairro": "CENTRO",
    "complemento": "CASA",
    "cep": "39935-000",
    "cidade": "Santo Antônio do Jacinto",
    "estado": "MG",
    "created_at": "2023-05-21T22:48:38.101Z",
    "updated_at": "2023-05-21T22:48:38.101Z"
  }
},
{
  "model": "cidadao.endereco",
  "pk": 3,
  "fields": {
    "logradouro": "Rua do Comércio 123",
    "numero": "500",
    "bairro": "CENTRO",
    "complemento": "CASA",
    "cep": "39935-000",
    "cidade": "Santo Antônio do Jacinto",
    "estado": "MG",
    "created_at": "2023-05-21T22:49:58.869Z",
    "updated_at": "2023-05-21T22:49:58.869Z"
  }
},
{
  "model": "cidadao.endereco",
  "pk": 4,
  "fields": {
    "logradouro": "Rua da Cancela",
    "numero": "200",
    "bairro": "Centro",
    "complemento": "CASA",
    "cep": "39935-000",
    "cidade": "Santo Antônio do Jacinto",
    "estado": "MG",
    "created_at": "2023-05-21T22:52:48.678Z",
    "updated_at": "2023-05-21T22:52:48.678Z"
  }
},
{
  "model": "despesas.diaria",
  "pk": 1,
  "fields": {
    "profissional": 1,
    "descricao": "adad",
    "data_diaria": "2022-10-12",
    "reembolso": "1",
    "viagem_orig": "SANTO ANTÔNIO DO JACINTO-MG",
    "viagem_dest": "almenara",
    "conta": 13245,
    "fonte": 142,
    "obs": "",
    "tipo_diaria": "1",
    "qta_diaria": 3,
    "valor": "10,00",
    "total": "30,00",
    "created_at": "2023-05-21T23:10:08.372Z",
    "updated_at": "2023-05-21T23:10:08.372Z"
  }
},
{
  "model": "profissionais.profissional",
  "pk": 1,
  "fields": {
    "nome_completo": "Sara Luna Cavalcanti",
    "email": null,
    "cpf": "65561890492",
    "status": "1",
    "cns": 884849478630002,
    "cargo": "1",
    "sexo": "M",
    "dt_nascimento": "1996-12-01",
    "telefone": "(33) 9988-5542",
    "endereco": 1,
    "estabelecimento": 7,
    "microarea": 28,
    "created_at": "2023-05-21T22:55:42.252Z",
    "updated_at": "2023-05-21T22:55:42.252Z"
  }
},
{
  "model": "profissionais.profissional",
  "pk": 2,
  "fields": {
    "nome_completo": "Marcelo Enrico Gomes",
    "email": null,
    "cpf": "27373624405",
    "status": "1",
    "cns": 182197447020001,
    "cargo": "3",
    "sexo": "M",
    "dt_nascimento": "1998-12-01",
    "telefone": "(33) 8954-2369",
    "endereco": 2,
    "estabelecimento": 3,
    "microarea": 24,
    "created_at": "2023-05-21T22:59:56.676Z",
    "updated_at": "2023-05-21T22:59:56.676Z"
  }
},
{
  "model": "profissionais.profissional",
  "pk": 3,
  "fields": {
    "nome_completo": "Kamilly Ana Marli Viana",
    "email": null,
    "cpf": "19211487480",
    "status": "1",
    "cns": 255569890460004,
    "cargo": "4",
    "sexo": "F",
    "dt_nascimento": "2023-02-12",
    "telefone": "(33) 9988-7755",
    "endereco": 3,
    "estabelecimento": 7,
    "microarea": 25,
    "created_at": "2023-05-21T23:04:25.078Z",
    "updated_at": "2023-05-21T23:04:25.078Z"
  }
},
{
  "model": "profissionais.endereco",
  "pk": 1,
  "fields": {
    "logradouro": "FAZENDA BARRA DO TIMOTEO",
    "numero": "S/N",
    "bairro": "ZONA RURAL",
    "complemento": "CASA",
    "cep": "39935-000",
    "cidade": "Santo Antônio do Jacinto",
    "estado": "MG",
    "created_at": "2023-05-21T22:55:42.243Z",
    "updated_at": "2023-05-21T22:55:42.243Z"
  }
},
{
  "model": "profissionais.endereco",
  "pk": 2,
  "fields": {
    "logradouro": "FAZENDA SERRA ALTA",
    "numero": "S/N",
    "bairro": "COM ALTAMIRA",
    "complemento": "CASA",
    "cep": "39935-000",
    "cidade": "Santo Antônio do Jacinto",
    "estado": "MG",
    "created_at": "2023-05-21T22:59:56.663Z",
    "updated_at": "2023-05-21T22:59:56.663Z"
  }
},
{
  "model": "profissionais.endereco",
  "pk": 3,
  "fields": {
    "logradouro": "RUA DA SILVA",
    "numero": "232",
    "bairro": "CENTREO",
    "complemento": "CASA",
    "cep": "39935-000",
    "cidade": "Santo Antônio do Jacinto",
    "estado": "MG",
    "created_at": "2023-05-21T23:04:25.067Z",
    "updated_at": "2023-05-21T23:04:25.067Z"
  }
},
{
  "model": "tfds.recibotfd",
  "pk": 1,
  "fields": {
    "paciente": 1,
    "acompanhante": null,
    "municipio_origem": "Santo Antônio do Jacinto-MG",
    "municipio_destino": "ALMENARA",
    "data_criada": "2023-05-21",
    "data_editada": "2023-05-21",
    "data": "2023-01-12",
    "grs": "Pedra Azul-MG",
    "especialidade": "CARDIOLOGISTA",
    "created_at": "2023-05-21T23:05:35.525Z",
    "updated_at": "2023-05-21T23:05:35.525Z"
  }
},
{
  "model": "tfds.codigosia",
  "pk": 1,
  "fields": {
    "codigo": 1324545425,
    "valor_unitario": "250.00",
    "qtd_procedimento": 3,
    "valor_total": "750.00",
    "recibo_tfd": 1,
    "created_at": "2023-05-21T23:05:35.533Z",
    "updated_at": "2023-05-21T23:05:35.533Z"
  }
},
{
  "model": "estabelecimentos.estabelecimento",
  "pk": 1,
  "fields": {
    "nome": "UNIDADE MISTA DE SANTO ANTONIO DO JACINTO",
    "cnes": 3890643,
    "created_at": "2023-05-21T22:18:05.124Z",
    "updated_at": "2023-05-21T22:18:05.124Z"
  }
},
{
  "model": "estabelecimentos.estabelecimento",
  "pk": 2,
  "fields": {
    "nome": "UNIDADE DE SAUDE DONA MARIA ROSA BANDEIRA",
    "cnes": 6763227,
    "created_at": "2023-05-21T22:18:16.226Z",
    "updated_at": "2023-05-21T22:18:16.226Z"
  }
},
{
  "model": "estabelecimentos.estabelecimento",
  "pk": 3,
  "fields": {
    "nome": "UNIDADE BASICA DE SAUDE ESF SAUDE PARA TODOS",
    "cnes": 2119730,
    "created_at": "2023-05-21T22:18:33.115Z",
    "updated_at": "2023-05-21T22:18:33.115Z"
  }
},
{
  "model": "estabelecimentos.estabelecimento",
  "pk": 4,
  "fields": {
    "nome": "UNIDADE BASICA DE SAUDE DONA CARMITA FREITAS DOS SANTOS",
    "cnes": 7384831,
    "created_at": "2023-05-21T22:18:50.356Z",
    "updated_at": "2023-05-21T22:18:50.356Z"
  }
},
{
  "model": "estabelecimentos.estabelecimento",
  "pk": 5,
  "fields": {
    "nome": "UNIDADE BASICA DE SAUDE DE CATAJAS",
    "cnes": 2119749,
    "created_at": "2023-05-21T22:19:49.876Z",
    "updated_at": "2023-05-21T22:19:49.876Z"
  }
},
{
  "model": "estabelecimentos.estabelecimento",
  "pk": 6,
  "fields": {
    "nome": "SECRETARIA MUNICIPAL DE SAUDE DE SANTO ANTONIO DO JACINTO",
    "cnes": 6516556,
    "created_at": "2023-05-21T22:20:02.973Z",
    "updated_at": "2023-05-21T22:20:02.973Z"
  }
},
{
  "model": "estabelecimentos.estabelecimento",
  "pk": 7,
  "fields": {
    "nome": "PSF JOVENTINO BATISTA",
    "cnes": 6228526,
    "created_at": "2023-05-21T22:20:14.562Z",
    "updated_at": "2023-05-21T22:20:14.562Z"
  }
},
{
  "model": "estabelecimentos.estabelecimento",
  "pk": 8,
  "fields": {
    "nome": "FARMACIA PUBLICA MUNICIPAL",
    "cnes": 2912236,
    "created_at": "2023-05-21T22:20:29.465Z",
    "updated_at": "2023-05-21T22:20:29.465Z"
  }
},
{
  "model": "estabelecimentos.estabelecimento",
  "pk": 9,
  "fields": {
    "nome": "CENTRO MUNICIPAL DE FISIOTERAPIA",
    "cnes": 3890651,
    "created_at": "2023-05-21T22:20:40.819Z",
    "updated_at": "2023-05-21T22:20:40.819Z"
  }
},
{
  "model": "estabelecimentos.estabelecimento",
  "pk": 10,
  "fields": {
    "nome": "VIGILANCIA EM SAUDE E COMBATE DAS ENDEMIAS",
    "cnes": 2760126,
    "created_at": "2023-05-21T22:20:53.011Z",
    "updated_at": "2023-05-21T22:20:53.011Z"
  }
},
{
  "model": "estabelecimentos.microarea",
  "pk": 1,
  "fields": {
    "microarea": 1,
    "estabelecimento": 3,
    "created_at": "2023-05-21T22:30:56.509Z",
    "updated_at": "2023-05-21T22:30:56.509Z"
  }
},
{
  "model": "estabelecimentos.microarea",
  "pk": 2,
  "fields": {
    "microarea": 2,
    "estabelecimento": 3,
    "created_at": "2023-05-21T22:31:01.540Z",
    "updated_at": "2023-05-21T22:31:01.540Z"
  }
},
{
  "model": "estabelecimentos.microarea",
  "pk": 3,
  "fields": {
    "microarea": 3,
    "estabelecimento": 3,
    "created_at": "2023-05-21T22:31:08.656Z",
    "updated_at": "2023-05-21T22:31:08.656Z"
  }
},
{
  "model": "estabelecimentos.microarea",
  "pk": 4,
  "fields": {
    "microarea": 4,
    "estabelecimento": 3,
    "created_at": "2023-05-21T22:31:13.218Z",
    "updated_at": "2023-05-21T22:31:13.218Z"
  }
},
{
  "model": "estabelecimentos.microarea",
  "pk": 5,
  "fields": {
    "microarea": 5,
    "estabelecimento": 3,
    "created_at": "2023-05-21T22:31:20.261Z",
    "updated_at": "2023-05-21T22:31:20.261Z"
  }
},
{
  "model": "estabelecimentos.microarea",
  "pk": 6,
  "fields": {
    "microarea": 6,
    "estabelecimento": 3,
    "created_at": "2023-05-21T22:31:27.123Z",
    "updated_at": "2023-05-21T22:31:27.123Z"
  }
},
{
  "model": "estabelecimentos.microarea",
  "pk": 7,
  "fields": {
    "microarea": 7,
    "estabelecimento": 2,
    "created_at": "2023-05-21T22:34:06.711Z",
    "updated_at": "2023-05-21T22:34:06.711Z"
  }
},
{
  "model": "estabelecimentos.microarea",
  "pk": 8,
  "fields": {
    "microarea": 8,
    "estabelecimento": 2,
    "created_at": "2023-05-21T22:34:18.089Z",
    "updated_at": "2023-05-21T22:34:18.089Z"
  }
},
{
  "model": "estabelecimentos.microarea",
  "pk": 9,
  "fields": {
    "microarea": 9,
    "estabelecimento": 2,
    "created_at": "2023-05-21T22:34:27.108Z",
    "updated_at": "2023-05-21T22:34:27.108Z"
  }
},
{
  "model": "estabelecimentos.microarea",
  "pk": 10,
  "fields": {
    "microarea": 10,
    "estabelecimento": 2,
    "created_at": "2023-05-21T22:34:36.564Z",
    "updated_at": "2023-05-21T22:34:36.564Z"
  }
},
{
  "model": "estabelecimentos.microarea",
  "pk": 11,
  "fields": {
    "microarea": 11,
    "estabelecimento": 2,
    "created_at": "2023-05-21T22:34:45.700Z",
    "updated_at": "2023-05-21T22:34:45.700Z"
  }
},
{
  "model": "estabelecimentos.microarea",
  "pk": 12,
  "fields": {
    "microarea": 12,
    "estabelecimento": 2,
    "created_at": "2023-05-21T22:35:04.275Z",
    "updated_at": "2023-05-21T22:35:04.275Z"
  }
},
{
  "model": "estabelecimentos.microarea",
  "pk": 13,
  "fields": {
    "microarea": 13,
    "estabelecimento": 4,
    "created_at": "2023-05-21T22:35:24.489Z",
    "updated_at": "2023-05-21T22:35:24.489Z"
  }
},
{
  "model": "estabelecimentos.microarea",
  "pk": 14,
  "fields": {
    "microarea": 14,
    "estabelecimento": 4,
    "created_at": "2023-05-21T22:35:32.599Z",
    "updated_at": "2023-05-21T22:35:32.599Z"
  }
},
{
  "model": "estabelecimentos.microarea",
  "pk": 15,
  "fields": {
    "microarea": 15,
    "estabelecimento": 4,
    "created_at": "2023-05-21T22:35:40.466Z",
    "updated_at": "2023-05-21T22:35:40.466Z"
  }
},
{
  "model": "estabelecimentos.microarea",
  "pk": 16,
  "fields": {
    "microarea": 16,
    "estabelecimento": 4,
    "created_at": "2023-05-21T22:37:50.086Z",
    "updated_at": "2023-05-21T22:37:50.086Z"
  }
},
{
  "model": "estabelecimentos.microarea",
  "pk": 17,
  "fields": {
    "microarea": 17,
    "estabelecimento": 4,
    "created_at": "2023-05-21T22:38:13.101Z",
    "updated_at": "2023-05-21T22:38:13.101Z"
  }
},
{
  "model": "estabelecimentos.microarea",
  "pk": 18,
  "fields": {
    "microarea": 18,
    "estabelecimento": 4,
    "created_at": "2023-05-21T22:38:19.229Z",
    "updated_at": "2023-05-21T22:38:19.229Z"
  }
},
{
  "model": "estabelecimentos.microarea",
  "pk": 19,
  "fields": {
    "microarea": 19,
    "estabelecimento": 5,
    "created_at": "2023-05-21T22:39:02.516Z",
    "updated_at": "2023-05-21T22:39:02.516Z"
  }
},
{
  "model": "estabelecimentos.microarea",
  "pk": 20,
  "fields": {
    "microarea": 20,
    "estabelecimento": 5,
    "created_at": "2023-05-21T22:39:10.759Z",
    "updated_at": "2023-05-21T22:39:10.759Z"
  }
},
{
  "model": "estabelecimentos.microarea",
  "pk": 21,
  "fields": {
    "microarea": 21,
    "estabelecimento": 5,
    "created_at": "2023-05-21T22:39:31.429Z",
    "updated_at": "2023-05-21T22:39:31.429Z"
  }
},
{
  "model": "estabelecimentos.microarea",
  "pk": 22,
  "fields": {
    "microarea": 22,
    "estabelecimento": 5,
    "created_at": "2023-05-21T22:40:32.535Z",
    "updated_at": "2023-05-21T22:40:32.535Z"
  }
},
{
  "model": "estabelecimentos.microarea",
  "pk": 23,
  "fields": {
    "microarea": 23,
    "estabelecimento": 5,
    "created_at": "2023-05-21T22:40:38.206Z",
    "updated_at": "2023-05-21T22:40:38.206Z"
  }
},
{
  "model": "estabelecimentos.microarea",
  "pk": 24,
  "fields": {
    "microarea": 24,
    "estabelecimento": 5,
    "created_at": "2023-05-21T22:41:10.456Z",
    "updated_at": "2023-05-21T22:41:10.456Z"
  }
},
{
  "model": "estabelecimentos.microarea",
  "pk": 25,
  "fields": {
    "microarea": 27,
    "estabelecimento": 7,
    "created_at": "2023-05-21T22:41:23.382Z",
    "updated_at": "2023-05-21T22:41:23.382Z"
  }
},
{
  "model": "estabelecimentos.microarea",
  "pk": 26,
  "fields": {
    "microarea": 28,
    "estabelecimento": 7,
    "created_at": "2023-05-21T22:41:34.573Z",
    "updated_at": "2023-05-21T22:41:34.573Z"
  }
},
{
  "model": "estabelecimentos.microarea",
  "pk": 27,
  "fields": {
    "microarea": 29,
    "estabelecimento": 7,
    "created_at": "2023-05-21T22:41:45.447Z",
    "updated_at": "2023-05-21T22:41:45.447Z"
  }
},
{
  "model": "estabelecimentos.microarea",
  "pk": 28,
  "fields": {
    "microarea": 30,
    "estabelecimento": 7,
    "created_at": "2023-05-21T22:41:50.512Z",
    "updated_at": "2023-05-21T22:41:50.512Z"
  }
},
{
  "model": "especialidades.tipoespecialidade",
  "pk": 1,
  "fields": {
    "nome": "CARDIOLOGISTA",
    "created_at": "2023-05-21T22:15:35.787Z",
    "updated_at": "2023-05-21T22:15:35.787Z"
  }
}
]
