[
    {
        "model": "cidadao.cidadao",
        "pk": 1,
        "fields": {
          "nome_completo": "JOAO MESSIAS DE OLIVEIRA",
          "email": "joao@gmail.com",
          "rg": null,
          "cpf": "22389570062",
          "cns": 276340566090007,
          "sexo": "M",
          "dt_nascimento": "1991-05-01",
          "nome_mae": "MARIA ALICE DA SILVA",
          "nome_pai": null,
          "telefone": null,
          "telefone1": "(33) 99999-9999",
          "endereco": 1,
          "microarea": 1,
          "created_at": "2023-05-21T22:46:29.058Z",
          "updated_at": "2023-05-21T22:46:29.058Z"
        }
      },
      {
        "model": "cidadao.cidadao",
        "pk": 2,
        "fields": {
          "nome_completo": "Elias Antonio Iago da Conceição",
          "email": null,
          "rg": "43.263.242",
          "cpf": "94405476420",
          "cns": 116618453280018,
          "sexo": "M",
          "dt_nascimento": "1992-03-13",
          "nome_mae": "Jennifer Larissa Evelyn",
          "nome_pai": "Vinicius Rodrigo Benício da Conceição",
          "telefone": null,
          "telefone1": "(33) 98854-5263",
          "endereco": 2,
          "microarea": 2,
          "created_at": "2023-05-21T22:48:38.116Z",
          "updated_at": "2023-05-21T22:48:38.116Z"
        }
      },
      {
        "model": "cidadao.cidadao",
        "pk": 3,
        "fields": {
          "nome_completo": "Clara Letícia Milena Rezende",
          "email": "clara-rezende90@sent.com",
          "rg": "38.579.209",
          "cpf": "72718711442",
          "cns": 240725780800001,
          "sexo": "F",
          "dt_nascimento": "1994-12-01",
          "nome_mae": "Maria Rayssa Maitê",
          "nome_pai": "Lucas Erick Erick Rezende",
          "telefone": null,
          "telefone1": "(99) 99999-9999",
          "endereco": 3,
          "microarea": 3,
          "created_at": "2023-05-21T22:49:58.878Z",
          "updated_at": "2023-05-21T22:49:58.878Z"
        }
      },
      {
        "model": "cidadao.cidadao",
        "pk": 4,
        "fields": {
          "nome_completo": "Caio Luan Carlos Eduardo Farias",
          "email": null,
          "rg": "32.728.180",
          "cpf": "81746683490",
          "cns": 206753191270006,
          "sexo": "F",
          "dt_nascimento": "2023-05-15",
          "nome_mae": "Maria Elizangela Costa",
          "nome_pai": null,
          "telefone": null,
          "telefone1": "(33) 8824-5785",
          "endereco": 4,
          "microarea": 5,
          "created_at": "2023-05-21T22:52:48.699Z",
          "updated_at": "2023-05-21T22:52:48.699Z"
        }
      },
      {
        "model": "cidadao.endereco",
        "pk": 1,
        "fields": {
          "logradouro": "RUA DE 13 DE JANEIRO",
          "numero": "100",
          "bairro": "CENTRO",
          "complemento": "CASA",
          "cep": "39935-000",
          "cidade": "Santo Antônio do Jacinto",
          "estado": "MG",
          "created_at": "2023-05-21T22:46:29.050Z",
          "updated_at": "2023-05-21T22:46:29.050Z"
        }
      },
      {
        "model": "cidadao.endereco",
        "pk": 2,
        "fields": {
          "logradouro": "Rua do Comércio 123",
          "numero": "200",
          "bairro": "CENTRO",
          "complemento": "CASA",
          "cep": "39935-000",
          "cidade": "Santo Antônio do Jacinto",
          "estado": "MG",
          "created_at": "2023-05-21T22:48:38.101Z",
          "updated_at": "2023-05-21T22:48:38.101Z"
        }
      },
      {
        "model": "cidadao.endereco",
        "pk": 3,
        "fields": {
          "logradouro": "Rua do Comércio 123",
          "numero": "500",
          "bairro": "CENTRO",
          "complemento": "CASA",
          "cep": "39935-000",
          "cidade": "Santo Antônio do Jacinto",
          "estado": "MG",
          "created_at": "2023-05-21T22:49:58.869Z",
          "updated_at": "2023-05-21T22:49:58.869Z"
        }
      },
      {
        "model": "cidadao.endereco",
        "pk": 4,
        "fields": {
          "logradouro": "Rua da Cancela",
          "numero": "200",
          "bairro": "Centro",
          "complemento": "CASA",
          "cep": "39935-000",
          "cidade": "Santo Antônio do Jacinto",
          "estado": "MG",
          "created_at": "2023-05-21T22:52:48.678Z",
          "updated_at": "2023-05-21T22:52:48.678Z"
        }
      },
    {
        "model": "estabelecimentos.estabelecimento",
        "pk": 1,
        "fields": {
          "nome": "UNIDADE MISTA DE SANTO ANTONIO DO JACINTO",
          "cnes": 3890643,
          "created_at": "2023-05-21T22:18:05.124Z",
          "updated_at": "2023-05-21T22:18:05.124Z"
        }
      },
      {
        "model": "estabelecimentos.estabelecimento",
        "pk": 2,
        "fields": {
          "nome": "UNIDADE DE SAUDE DONA MARIA ROSA BANDEIRA",
          "cnes": 6763227,
          "created_at": "2023-05-21T22:18:16.226Z",
          "updated_at": "2023-05-21T22:18:16.226Z"
        }
      },
      {
        "model": "estabelecimentos.estabelecimento",
        "pk": 3,
        "fields": {
          "nome": "UNIDADE BASICA DE SAUDE ESF SAUDE PARA TODOS",
          "cnes": 2119730,
          "created_at": "2023-05-21T22:18:33.115Z",
          "updated_at": "2023-05-21T22:18:33.115Z"
        }
      },
      {
        "model": "estabelecimentos.estabelecimento",
        "pk": 4,
        "fields": {
          "nome": "UNIDADE BASICA DE SAUDE DONA CARMITA FREITAS DOS SANTOS",
          "cnes": 7384831,
          "created_at": "2023-05-21T22:18:50.356Z",
          "updated_at": "2023-05-21T22:18:50.356Z"
        }
      },
      {
        "model": "estabelecimentos.estabelecimento",
        "pk": 5,
        "fields": {
          "nome": "UNIDADE BASICA DE SAUDE DE CATAJAS",
          "cnes": 2119749,
          "created_at": "2023-05-21T22:19:49.876Z",
          "updated_at": "2023-05-21T22:19:49.876Z"
        }
      },
      {
        "model": "estabelecimentos.estabelecimento",
        "pk": 6,
        "fields": {
          "nome": "SECRETARIA MUNICIPAL DE SAUDE DE SANTO ANTONIO DO JACINTO",
          "cnes": 6516556,
          "created_at": "2023-05-21T22:20:02.973Z",
          "updated_at": "2023-05-21T22:20:02.973Z"
        }
      },
      {
        "model": "estabelecimentos.estabelecimento",
        "pk": 7,
        "fields": {
          "nome": "PSF JOVENTINO BATISTA",
          "cnes": 6228526,
          "created_at": "2023-05-21T22:20:14.562Z",
          "updated_at": "2023-05-21T22:20:14.562Z"
        }
      },
      {
        "model": "estabelecimentos.estabelecimento",
        "pk": 8,
        "fields": {
          "nome": "FARMACIA PUBLICA MUNICIPAL",
          "cnes": 2912236,
          "created_at": "2023-05-21T22:20:29.465Z",
          "updated_at": "2023-05-21T22:20:29.465Z"
        }
      },
      {
        "model": "estabelecimentos.estabelecimento",
        "pk": 9,
        "fields": {
          "nome": "CENTRO MUNICIPAL DE FISIOTERAPIA",
          "cnes": 3890651,
          "created_at": "2023-05-21T22:20:40.819Z",
          "updated_at": "2023-05-21T22:20:40.819Z"
        }
      },
      {
        "model": "estabelecimentos.estabelecimento",
        "pk": 10,
        "fields": {
          "nome": "VIGILANCIA EM SAUDE E COMBATE DAS ENDEMIAS",
          "cnes": 2760126,
          "created_at": "2023-05-21T22:20:53.011Z",
          "updated_at": "2023-05-21T22:20:53.011Z"
        }
      },
      {
        "model": "estabelecimentos.microarea",
        "pk": 1,
        "fields": {
          "microarea": 1,
          "estabelecimento": 3,
          "created_at": "2023-05-21T22:30:56.509Z",
          "updated_at": "2023-05-21T22:30:56.509Z"
        }
      },
      {
        "model": "estabelecimentos.microarea",
        "pk": 2,
        "fields": {
          "microarea": 2,
          "estabelecimento": 3,
          "created_at": "2023-05-21T22:31:01.540Z",
          "updated_at": "2023-05-21T22:31:01.540Z"
        }
      },
      {
        "model": "estabelecimentos.microarea",
        "pk": 3,
        "fields": {
          "microarea": 3,
          "estabelecimento": 3,
          "created_at": "2023-05-21T22:31:08.656Z",
          "updated_at": "2023-05-21T22:31:08.656Z"
        }
      },
      {
        "model": "estabelecimentos.microarea",
        "pk": 4,
        "fields": {
          "microarea": 4,
          "estabelecimento": 3,
          "created_at": "2023-05-21T22:31:13.218Z",
          "updated_at": "2023-05-21T22:31:13.218Z"
        }
      },
      {
        "model": "estabelecimentos.microarea",
        "pk": 5,
        "fields": {
          "microarea": 5,
          "estabelecimento": 3,
          "created_at": "2023-05-21T22:31:20.261Z",
          "updated_at": "2023-05-21T22:31:20.261Z"
        }
      },
      {
        "model": "estabelecimentos.microarea",
        "pk": 6,
        "fields": {
          "microarea": 6,
          "estabelecimento": 3,
          "created_at": "2023-05-21T22:31:27.123Z",
          "updated_at": "2023-05-21T22:31:27.123Z"
        }
      },
      {
        "model": "estabelecimentos.microarea",
        "pk": 7,
        "fields": {
          "microarea": 7,
          "estabelecimento": 2,
          "created_at": "2023-05-21T22:34:06.711Z",
          "updated_at": "2023-05-21T22:34:06.711Z"
        }
      },
      {
        "model": "estabelecimentos.microarea",
        "pk": 8,
        "fields": {
          "microarea": 8,
          "estabelecimento": 2,
          "created_at": "2023-05-21T22:34:18.089Z",
          "updated_at": "2023-05-21T22:34:18.089Z"
        }
      },
      {
        "model": "estabelecimentos.microarea",
        "pk": 9,
        "fields": {
          "microarea": 9,
          "estabelecimento": 2,
          "created_at": "2023-05-21T22:34:27.108Z",
          "updated_at": "2023-05-21T22:34:27.108Z"
        }
      },
      {
        "model": "estabelecimentos.microarea",
        "pk": 10,
        "fields": {
          "microarea": 10,
          "estabelecimento": 2,
          "created_at": "2023-05-21T22:34:36.564Z",
          "updated_at": "2023-05-21T22:34:36.564Z"
        }
      },
      {
        "model": "estabelecimentos.microarea",
        "pk": 11,
        "fields": {
          "microarea": 11,
          "estabelecimento": 2,
          "created_at": "2023-05-21T22:34:45.700Z",
          "updated_at": "2023-05-21T22:34:45.700Z"
        }
      },
      {
        "model": "estabelecimentos.microarea",
        "pk": 12,
        "fields": {
          "microarea": 12,
          "estabelecimento": 2,
          "created_at": "2023-05-21T22:35:04.275Z",
          "updated_at": "2023-05-21T22:35:04.275Z"
        }
      },
      {
        "model": "estabelecimentos.microarea",
        "pk": 13,
        "fields": {
          "microarea": 13,
          "estabelecimento": 4,
          "created_at": "2023-05-21T22:35:24.489Z",
          "updated_at": "2023-05-21T22:35:24.489Z"
        }
      },
      {
        "model": "estabelecimentos.microarea",
        "pk": 14,
        "fields": {
          "microarea": 14,
          "estabelecimento": 4,
          "created_at": "2023-05-21T22:35:32.599Z",
          "updated_at": "2023-05-21T22:35:32.599Z"
        }
      },
      {
        "model": "estabelecimentos.microarea",
        "pk": 15,
        "fields": {
          "microarea": 15,
          "estabelecimento": 4,
          "created_at": "2023-05-21T22:35:40.466Z",
          "updated_at": "2023-05-21T22:35:40.466Z"
        }
      },
      {
        "model": "estabelecimentos.microarea",
        "pk": 16,
        "fields": {
          "microarea": 16,
          "estabelecimento": 4,
          "created_at": "2023-05-21T22:37:50.086Z",
          "updated_at": "2023-05-21T22:37:50.086Z"
        }
      },
      {
        "model": "estabelecimentos.microarea",
        "pk": 17,
        "fields": {
          "microarea": 17,
          "estabelecimento": 4,
          "created_at": "2023-05-21T22:38:13.101Z",
          "updated_at": "2023-05-21T22:38:13.101Z"
        }
      },
      {
        "model": "estabelecimentos.microarea",
        "pk": 18,
        "fields": {
          "microarea": 18,
          "estabelecimento": 4,
          "created_at": "2023-05-21T22:38:19.229Z",
          "updated_at": "2023-05-21T22:38:19.229Z"
        }
      },
      {
        "model": "estabelecimentos.microarea",
        "pk": 19,
        "fields": {
          "microarea": 19,
          "estabelecimento": 5,
          "created_at": "2023-05-21T22:39:02.516Z",
          "updated_at": "2023-05-21T22:39:02.516Z"
        }
      },
      {
        "model": "estabelecimentos.microarea",
        "pk": 20,
        "fields": {
          "microarea": 20,
          "estabelecimento": 5,
          "created_at": "2023-05-21T22:39:10.759Z",
          "updated_at": "2023-05-21T22:39:10.759Z"
        }
      },
      {
        "model": "estabelecimentos.microarea",
        "pk": 21,
        "fields": {
          "microarea": 21,
          "estabelecimento": 5,
          "created_at": "2023-05-21T22:39:31.429Z",
          "updated_at": "2023-05-21T22:39:31.429Z"
        }
      },
      {
        "model": "estabelecimentos.microarea",
        "pk": 22,
        "fields": {
          "microarea": 22,
          "estabelecimento": 5,
          "created_at": "2023-05-21T22:40:32.535Z",
          "updated_at": "2023-05-21T22:40:32.535Z"
        }
      },
      {
        "model": "estabelecimentos.microarea",
        "pk": 23,
        "fields": {
          "microarea": 23,
          "estabelecimento": 5,
          "created_at": "2023-05-21T22:40:38.206Z",
          "updated_at": "2023-05-21T22:40:38.206Z"
        }
      },
      {
        "model": "estabelecimentos.microarea",
        "pk": 24,
        "fields": {
          "microarea": 24,
          "estabelecimento": 5,
          "created_at": "2023-05-21T22:41:10.456Z",
          "updated_at": "2023-05-21T22:41:10.456Z"
        }
      },
      {
        "model": "estabelecimentos.microarea",
        "pk": 25,
        "fields": {
          "microarea": 27,
          "estabelecimento": 7,
          "created_at": "2023-05-21T22:41:23.382Z",
          "updated_at": "2023-05-21T22:41:23.382Z"
        }
      },
      {
        "model": "estabelecimentos.microarea",
        "pk": 26,
        "fields": {
          "microarea": 28,
          "estabelecimento": 7,
          "created_at": "2023-05-21T22:41:34.573Z",
          "updated_at": "2023-05-21T22:41:34.573Z"
        }
      },
      {
        "model": "estabelecimentos.microarea",
        "pk": 27,
        "fields": {
          "microarea": 29,
          "estabelecimento": 7,
          "created_at": "2023-05-21T22:41:45.447Z",
          "updated_at": "2023-05-21T22:41:45.447Z"
        }
      },
      {
        "model": "estabelecimentos.microarea",
        "pk": 28,
        "fields": {
          "microarea": 30,
          "estabelecimento": 7,
          "created_at": "2023-05-21T22:41:50.512Z",
          "updated_at": "2023-05-21T22:41:50.512Z"
        }
      },
      {
        "model": "estabelecimentos.microarea",
        "pk": 29,
        "fields": {
          "microarea": 25,
          "estabelecimento": 7,
          "created_at": "2023-05-28T20:32:18.288Z",
          "updated_at": "2023-05-28T20:32:18.288Z"
        }
      },
      {
        "model": "estabelecimentos.microarea",
        "pk": 30,
        "fields": {
          "microarea": 26,
          "estabelecimento": 7,
          "created_at": "2023-05-28T20:32:25.414Z",
          "updated_at": "2023-05-28T20:32:25.414Z"
        }
      },
      {
        "model": "usuarios.usuario",
        "pk": 1,
        "fields": {
          "password": "pbkdf2_sha256$600000$TzRUh1CR3PCqrLWJzV0hrt$+SltG6yZ7zvPDgwjwmAJ3hc1kOHggREYOKJFdxZv5Eg=",
          "last_login": "2023-05-28T12:21:40.343Z",
          "is_superuser": true,
          "username": "admin",
          "first_name": "",
          "last_name": "",
          "email": "admin@admin.com",
          "is_staff": true,
          "is_active": true,
          "date_joined": "2023-05-28T12:21:24.340Z",
          "groups": [],
          "user_permissions": []
        }
      },
      {
        "model": "despesas.diaria",
        "pk": 1,
        "fields": {
          "profissional": 1,
          "descricao": "adad",
          "data_diaria": "2022-10-12",
          "reembolso": "1",
          "viagem_orig": "SANTO ANTÔNIO DO JACINTO-MG",
          "viagem_dest": "almenara",
          "conta": 13245,
          "fonte": 142,
          "obs": "",
          "tipo_diaria": "1",
          "qta_diaria": 3,
          "valor": "10,00",
          "total": "30,00",
          "created_at": "2023-05-21T23:10:08.372Z",
          "updated_at": "2023-05-21T23:10:08.372Z"
        }
      },
      {
        "model": "despesas.diaria",
        "pk": 2,
        "fields": {
          "profissional": 2,
          "descricao": "mkj",
          "data_diaria": "2023-05-15",
          "reembolso": "1",
          "viagem_orig": "SANTO ANTÔNIO DO JACINTO-MG",
          "viagem_dest": "xfdsgd",
          "conta": 132785,
          "fonte": 122,
          "obs": "",
          "tipo_diaria": "1",
          "qta_diaria": 3,
          "valor": "100,00",
          "total": "300,00",
          "created_at": "2023-05-28T11:15:45.596Z",
          "updated_at": "2023-05-28T11:15:45.596Z"
        }
      },
      {
        "model": "despesas.diaria",
        "pk": 4,
        "fields": {
          "profissional": 1,
          "descricao": "adad",
          "data_diaria": "2022-12-13",
          "reembolso": "2",
          "viagem_orig": "SANTO ANTÔNIO DO JACINTO-MG",
          "viagem_dest": "adda",
          "conta": 257,
          "fonte": 114,
          "obs": "",
          "tipo_diaria": "1",
          "qta_diaria": 1,
          "valor": "150,00",
          "total": "150,00",
          "created_at": "2023-05-28T11:39:39.170Z",
          "updated_at": "2023-05-28T11:39:39.170Z"
        }
      },
      {
        "model": "despesas.reembolso",
        "pk": 1,
        "fields": {
          "descricao": "2",
          "diaria": 1,
          "movimentacao": null,
          "valor_mov": null,
          "valor_desp": "200.00",
          "created_at": "2023-05-27T17:00:36.729Z",
          "updated_at": "2023-05-27T17:00:36.729Z"
        }
      },
      {
        "model": "despesas.reembolso",
        "pk": 2,
        "fields": {
          "descricao": "8",
          "diaria": 1,
          "movimentacao": null,
          "valor_mov": null,
          "valor_desp": "300.00",
          "created_at": "2023-05-27T17:00:36.740Z",
          "updated_at": "2023-05-27T17:00:36.740Z"
        }
      },
      {
        "model": "despesas.reembolso",
        "pk": 3,
        "fields": {
          "descricao": "1",
          "diaria": 1,
          "movimentacao": null,
          "valor_mov": null,
          "valor_desp": "100.00",
          "created_at": "2023-05-27T17:00:36.758Z",
          "updated_at": "2023-05-27T17:00:36.759Z"
        }
      },
      {
        "model": "despesas.reembolso",
        "pk": 4,
        "fields": {
          "descricao": "2",
          "diaria": 2,
          "movimentacao": null,
          "valor_mov": null,
          "valor_desp": "100.00",
          "created_at": "2023-05-28T13:23:30.480Z",
          "updated_at": "2023-05-28T13:23:30.481Z"
        }
      },
      {
        "model": "despesas.reembolso",
        "pk": 5,
        "fields": {
          "descricao": "3",
          "diaria": 2,
          "movimentacao": null,
          "valor_mov": null,
          "valor_desp": "300.00",
          "created_at": "2023-05-28T13:23:30.530Z",
          "updated_at": "2023-05-28T13:23:30.530Z"
        }
      },
      {
        "model": "despesas.reembolso",
        "pk": 6,
        "fields": {
          "descricao": "8",
          "diaria": 2,
          "movimentacao": null,
          "valor_mov": null,
          "valor_desp": "400.00",
          "created_at": "2023-05-28T13:23:30.545Z",
          "updated_at": "2023-05-28T13:23:30.545Z"
        }
      },
    {
        "model": "profissionais.profissional",
        "pk": 1,
        "fields": {
          "nome_completo": "Sara Luna Cavalcanti",
          "email": null,
          "cpf": "65561890492",
          "status": "1",
          "cns": 884849478630002,
          "cargo": "1",
          "sexo": "M",
          "dt_nascimento": "1996-12-01",
          "telefone": "(33) 9988-5542",
          "endereco": 1,
          "estabelecimento": 7,
          "microarea": 28,
          "created_at": "2023-05-21T22:55:42.252Z",
          "updated_at": "2023-05-21T22:55:42.252Z"
        }
      },
      {
        "model": "profissionais.profissional",
        "pk": 2,
        "fields": {
          "nome_completo": "Marcelo Enrico Gomes",
          "email": null,
          "cpf": "27373624405",
          "status": "1",
          "cns": 182197447020001,
          "cargo": "3",
          "sexo": "M",
          "dt_nascimento": "1998-12-01",
          "telefone": "(33) 8954-2369",
          "endereco": 2,
          "estabelecimento": 3,
          "microarea": 24,
          "created_at": "2023-05-21T22:59:56.676Z",
          "updated_at": "2023-05-21T22:59:56.676Z"
        }
      },
      {
        "model": "profissionais.profissional",
        "pk": 3,
        "fields": {
          "nome_completo": "Kamilly Ana Marli Viana",
          "email": null,
          "cpf": "19211487480",
          "status": "1",
          "cns": 255569890460004,
          "cargo": "4",
          "sexo": "F",
          "dt_nascimento": "2023-02-12",
          "telefone": "(33) 9988-7755",
          "endereco": 3,
          "estabelecimento": 7,
          "microarea": 25,
          "created_at": "2023-05-21T23:04:25.078Z",
          "updated_at": "2023-05-21T23:04:25.078Z"
        }
      },
      {
        "model": "profissionais.endereco",
        "pk": 1,
        "fields": {
          "logradouro": "FAZENDA BARRA DO TIMOTEO",
          "numero": "S/N",
          "bairro": "ZONA RURAL",
          "complemento": "CASA",
          "cep": "39935-000",
          "cidade": "Santo Antônio do Jacinto",
          "estado": "MG",
          "created_at": "2023-05-21T22:55:42.243Z",
          "updated_at": "2023-05-21T22:55:42.243Z"
        }
      },
      {
        "model": "profissionais.endereco",
        "pk": 2,
        "fields": {
          "logradouro": "FAZENDA SERRA ALTA",
          "numero": "S/N",
          "bairro": "COM ALTAMIRA",
          "complemento": "CASA",
          "cep": "39935-000",
          "cidade": "Santo Antônio do Jacinto",
          "estado": "MG",
          "created_at": "2023-05-21T22:59:56.663Z",
          "updated_at": "2023-05-21T22:59:56.663Z"
        }
      },

      {
        "model": "profissionais.endereco",
        "pk": 3,
        "fields": {
          "logradouro": "RUA DA SILVA",
          "numero": "232",
          "bairro": "CENTREO",
          "complemento": "CASA",
          "cep": "39935-000",
          "cidade": "Santo Antônio do Jacinto",
          "estado": "MG",
          "created_at": "2023-05-21T23:04:25.067Z",
          "updated_at": "2023-05-21T23:04:25.067Z"
        }
      }
      
      
]